"ProlificID","Duration (in seconds)","Gender","FirstGen","FirstGen_US","1st_immigrant","1st_age","2nd_immigrant","HighestDegree","Major","Minor","STEMMajor","GPA","M_Approach","M_Avoidance","P_Approach","P_Avoidance","Approach","Avoidance","Math_ID","Reading_ID","Racial_ID","Gender_ID","Condition","Score","AGQ_approach","AGQ_avoidance","Pre_Expectation","Post_Expectation","RIT","Belonging","Centrality","STAI_pre","STAI_post","Control_common","Control_true","Blatant_common","Blatant_true","Age","mc_task","mc_mathability","mc_diagnostic","task_stressful","Pressure","Comparison","task_opinion","Math_abilities1","Math_abilities2"
"57619c099fce230007797320",267,"Man","No","Yes","No",NA,"Yes","Bachelor","Accounting","n/a","Not STEM",3.7,4.333,3.333,2,2,3.167,2.667,3,3.833,3,2,"Implicit",11,2,2.333,7,8,2.833,2.333,3,2.167,2.167,NA,NA,NA,NA,28,1,1,1,2,5,"50th percentile",3,3,3
"5766d657c8d7b400013782da",177,"Woman","No","No","Yes",0,NA,"HS/GED","Computer Science & Data Science","N/A","STEM",3.5,4.333,3.333,3,3.333,3.667,3.333,3.5,3.167,4,2.333,"Explicit",9,4,4,3,3,3,3,4,2.667,2.333,NA,NA,3.667,2.333,21,1,1,1,2,3,"10th percentile",2,1,2
"58f7cdd4c31d4d00015aac83",279,"Non-binary","Yes","Yes","No",NA,"Yes","HS/GED","ECET (electrical & computer engineering technology","n/a","STEM",2.84,3.333,2,1.667,4,2.5,3,3.5,4.5,2.667,3.333,"Explicit",8,2.333,4.667,8,4,2.333,2.667,2.333,2.333,2,NA,NA,3.167,3,27,1,2,1,2,3,"10th percentile",2,2,2
"5ace650a436f550001004f87",208,"Woman","Yes","No","No",NA,"Yes","Associate","Finance","N/A","Not STEM",3.8,4.333,3,4,4,4.167,3.5,2.667,3,1,2,"Explicit",11,4,4,10,8,2.667,3.333,2,2.667,2.833,NA,NA,5,4.5,31,1,1,1,2,3,"50th percentile",3,2,2
"5b07b71c68eff50001d1c859",479,"Man","No","Yes","No",NA,"Yes","Bachelor","biochemistry","joe","STEM",3.42,4,4.333,4.333,4,4.167,4.167,4.667,3.833,4,3.333,"Explicit",6,4,3,0,0,3.667,3.333,4,2.333,2.333,NA,NA,3.333,3.167,33,2,1,1,4,1,"10th percentile",2,1,1
"5b5955e7f2333f00013176b2",183,"Woman","Yes","Yes","No",NA,"Yes","Master","Data Science","Computer Science","STEM",3.67,3.667,2.333,2.667,4,3.167,3.167,4.167,2.333,5,4,"Control",10,2.667,4,8,8,2.333,2.333,5,2.5,2.5,3.8,3.6,NA,NA,23,1,1,1,2,3,"50th percentile",2,1,1
"5b5c3b266b25590001778ea1",150,"Man","Yes","Yes","Yes",6,NA,"Associate","accounting","n/a","STEM",3.53,1,1,1,1,1,1,4.833,1.167,1,2,"Control",13,1,1,8,10,2,2.667,1,2,2,3.8,3,NA,NA,41,1,1,1,1,4,"90th percentile",1,1,1
"5c395df5f5ebd50001850900",219,"Man","No","Yes","No",NA,"Yes","Associate","Psychology","None","Not STEM",3.2,3.667,1.667,2,1,2.833,1.333,1.333,3.5,2.667,2.667,"Control",11,1.667,1,8,8,2.667,3,2.333,3,3,3.4,2.4,NA,NA,28,1,1,1,1,3,"50th percentile",1,1,1
"5c76616a7fafbd00114723f5",800,"Man","Yes","Yes","No",NA,"Yes","HS/GED","Education","n/a","Not STEM",2.87,4.333,3,2.667,3.333,3.5,3.167,3.5,4.667,3,4.333,"Implicit",10,3.333,3.667,6,10,2.667,2,2.667,2.333,2,NA,NA,NA,NA,25,1,1,1,4,5,"75th percentile",4,4,3
"5c91b7eabc1a950001fbfdca",199,"Woman","Yes","Yes","No",NA,"Yes","HS/GED","Biology, International Relations and Global Studies","Spanish and French","STEM",3.99,3,3.333,4,4,3.5,3.667,4,4,3.667,2,"Explicit",8,4,4,8,10,2.333,3.667,3,2.667,2.333,NA,NA,3.667,3,22,1,2,2,1,5,"75th percentile",1,1,1
"5ca1c71d44a54a00166d1dd7",236,"Man","No","Yes","Yes",2,NA,"Associate","sociology",NA,"Not STEM",3.3,4,2.333,4,4,4,3.167,4,3.667,3.333,3.333,"Control",11,4,4,5,5,3.667,3.333,3,1.667,1.667,4,4,NA,NA,37,1,1,1,3,4,"25th percentile",3,2,2
"5cc33788666a7c0017b159df",357,"Man","No","No","No",NA,"Yes","HS/GED","comp sci","photography","STEM",3.6,5,4.333,5,4.333,5,4.333,2.667,4.667,2.333,5,"Control",9,4,5,7,5,1.667,2.333,2,2,2,2,2,NA,NA,24,1,1,1,1,5,"50th percentile",3,2,3
"5d17ce93ac37cd0019535088",1586,"Man","Yes","Yes","No",NA,"No","HS/GED","Computer Science","N/A","STEM",3.5,4,4.333,2.333,4,3.167,4.167,4,4,4,5,"Implicit",14,2,3,10,8,2.5,2.667,4,2.5,2.5,NA,NA,NA,NA,23,1,1,1,2,3,"50th percentile",1,1,1
"5d1b8ca0d057270001a0abca",556,"Woman","Yes","Yes","No",NA,"Yes","Bachelor","psychology and global health","N/A","Not STEM",3.84,3,2.333,2.667,1,2.833,1.667,3.5,3.333,4,3.333,"Control",13,2,1,7,7,1.833,2.667,4,2.167,2.333,3,2.6,NA,NA,25,1,2,1,1,3,"50th percentile",3,2,2
"5d4f8945dec7eb0019a030e8",136,"Woman","Yes","Yes","Yes",2,NA,"Bachelor","Computer science/ environmental earth science","Japanese","STEM",3.6,4.333,3.333,4.333,4.667,4.333,4,2.667,3.333,4,4,"Implicit",11,3,3,10,3,3.167,3.333,2,3,3,NA,NA,NA,NA,25,1,2,2,4,4,"25th percentile",3,2,2
"5d5809017d795e001988c0d4",173,"Woman","Yes","No","No",NA,"Yes","HS/GED","Bachelors in Nursing","N/A","STEM",3.9,4,3.667,3.333,4,3.667,3.833,3,2.667,3.333,4.333,"Implicit",7,4,4.333,5,6,2.5,3,3.667,2.833,2.333,NA,NA,NA,NA,21,1,1,1,3,5,"25th percentile",3,2,2
"5d61a3001c84fc001780f4ad",228,"Woman","No","Yes","No",NA,"Yes","HS/GED","Accounting","n/a","Not STEM",3,1.667,1,2,3,1.833,2,1.667,5,1,1,"Explicit",13,3,5,7,5,4.333,5,1,2.333,3,NA,NA,3.667,4.167,24,1,2,2,5,5,"10th percentile",1,1,1
"5d6813419431030016281222",148,"Woman","Yes","No","No",NA,"Yes","HS/GED","Computer Science","N/A","STEM",3.85,3.667,3.333,4,4.333,3.833,3.833,3.5,3.833,3,3,"Control",8,3.667,4,10,7,2.167,3.667,3,2.5,2.333,4,3,NA,NA,21,1,2,1,3,4,"25th percentile",2,1,1
"5e46f51bc3298c1bf813a984",399,"Man","Yes","Yes","No",NA,"Yes","Bachelor","microbio","psychology","STEM",3.1,3.667,4,3.667,4.333,3.667,4.167,4.5,3.333,3.667,3.667,"Implicit",12,3.667,3,12,10,3.667,3.667,3.667,3,2.5,NA,NA,NA,NA,25,1,2,2,2,4,"50th percentile",3,3,2
"5e574f393e26c90f2b47b96c",369,"Woman","No","Yes","No",NA,"Yes","Associate","Computer Science","N/A","STEM",3.8,4,4,3.667,4,3.833,4,4.167,3.833,5,5,"Implicit",9,3.667,4,8,6,3.167,4.667,5,2,2.333,NA,NA,NA,NA,25,1,1,1,4,3,"25th percentile",3,3,3
"5e5d730f62ff4608804ad7a5",274,"Woman","Yes","No","No",NA,"No","Bachelor","Art history, Computer Science","Sociology","STEM",3.44,5,3,3,3,4,3,2.167,3.667,5,5,"Control",14,3.333,4.333,3,3,4.667,3.667,5,2.167,2.333,3.8,3.6,NA,NA,31,1,1,1,2,3,"50th percentile",3,3,3
"5e65a37956f27a3290acfcbe",216,"Man","Yes","Yes","No",NA,"Yes","HS/GED","Computer Science","Computational Biology","STEM",3.94,4.333,3.333,4,3,4.167,3.167,4.333,1.833,4,2.333,"Implicit",14,4,4,15,13,3.167,2.667,3,3,3,NA,NA,NA,NA,18,1,2,2,3,2,"50th percentile",3,3,3
"5e9e207c1af35c1edbf976ca",272,"Man","Yes","Yes","Yes",0,NA,"HS/GED","Data science","Computer Science, Business","STEM",3.5,3,3.667,2.667,3.667,2.833,3.667,4.167,4,2.667,2.667,"Implicit",9,2.333,3,6,6,1.167,1.667,2.333,2.167,2.167,NA,NA,NA,NA,21,1,1,1,1,2,"50th percentile",1,1,1
"5e9f281727351506481d24de",169,"Man","Yes","No","Yes",7,NA,"Master","CS","Bioinformatics","STEM",3.89,3.333,2.333,4.333,4,3.833,3.167,4.167,2.333,4,3,"Control",12,3.667,2,10,5,2.833,2.333,4,2,1.833,2.8,1.6,NA,NA,26,1,2,2,3,3,"25th percentile",2,1,1
"5eb342dff78ab11407daf144",307,"Woman","Yes","No","No",NA,"Yes","Bachelor","Human Biology","Global Health","STEM",3.6,3,4,3.667,4.667,3.333,4.333,3.5,3.833,3,2.667,"Explicit",9,4,5,8,6,3.833,3.333,2.667,2.667,2.5,NA,NA,3.167,3,24,1,1,1,3,2,"50th percentile",2,1,1
"5ebb08645a22c70c2ba793e4",431,"Woman","Yes","No","No",NA,"Yes","Doctorate","Biology","none","STEM",3.78,3,2.333,3.667,5,3.333,3.667,4.5,2.833,3.667,3.667,"Implicit",14,3.667,5,13,11,2.333,4,3.333,2.167,2.5,NA,NA,NA,NA,30,1,1,1,4,3,"75th percentile",4,3,2
"5ec796fd756dc001ff4d9c4e",133,"Man","Yes","Yes","No",NA,"Yes","HS/GED","Music Performance","Music Business","Not STEM",3.91,4.333,2.333,4.333,2,4.333,2.167,2.167,3.833,5,3.333,"Implicit",6,3.667,3.667,2,4,3.5,2.667,5,2.667,2.667,NA,NA,NA,NA,22,1,1,1,3,4,"25th percentile",3,2,2
"5ed273dba2d0730b1d9c79d6",181,"Man","Yes","Yes","No",NA,"Yes","Associate","Finance","Data Science","STEM",3.7,3.333,3,4,2.333,3.667,2.667,3.5,2.667,4,4.667,"Implicit",7,4,3.667,5,4,2.167,2,4.333,2.833,2.5,NA,NA,NA,NA,20,2,1,2,2,5,"25th percentile",2,1,1
"5ee91afe009ed529a095019b",198,"Man","Yes","Yes","No",NA,"Yes","Doctorate","Medicine","n/a","STEM",4,3,1.667,5,5,4,3.333,3.833,3,4,3,"Implicit",8,5,5,7,7,3.5,2.333,4,2.5,2.167,NA,NA,NA,NA,28,1,1,1,3,1,"25th percentile",1,1,1
"5f099c7ff7d3020237d5310b",450,"Woman","Yes","Yes","No",NA,"Yes","Bachelor","Biology, Public Health","N/A","STEM",3.6,4.667,1,5,2.333,4.833,1.667,3.333,4.833,5,4.333,"Control",6,4,3,7,4,3,4.333,5,2.833,3,3.2,3,NA,NA,28,1,1,2,4,3,"25th percentile",1,2,1
"5f18610a63c761000bf6a39a",229,"Non-binary","Yes","Yes","No",NA,"Yes","Bachelor","Biology (BS), Spanish (BA), pursuing Biomedical Engineering (MS)","Certificate - Big Data Analytics","STEM",4,4.667,4,3,3.667,3.833,3.833,3.5,3.5,4.333,4,"Control",7,3,4,6,5,3.167,1.667,4,3.167,3,3.6,2.8,NA,NA,26,1,1,1,4,2,"25th percentile",1,1,1
"5f2908bb9c5b402bc5b1a9b7",350,"Woman","Yes","No","No",NA,"No","Master","Audiology (MA), Sign Language Interpreting (pursuing AAS)","N/A","Not STEM",3.9,4.667,3.333,3,3,3.833,3.167,3.833,2.167,4.667,4,"Explicit",10,2.333,3,4,6,2.667,2.333,4.667,2.167,1.333,NA,NA,4.167,2,26,1,2,1,2,5,"50th percentile",3,1,2
"5f2946965de083000aff1444",182,"Man","Yes","Yes","No",NA,"Yes","Bachelor","Biostatistics","N/A","STEM",3.79,3,2,2.667,3.667,2.833,2.833,3.667,2.667,1.333,1,"Explicit",6,2.667,4,2,0,3.5,4.333,1,2.5,2,NA,NA,1.5,1.5,23,1,2,2,4,1,"25th percentile",2,2,2
"5f2c4d9ec221140edf238051",206,"Woman","No","No","No",NA,"Yes","Bachelor","Game Design and Devlopment","Advertising and Public Relations","STEM",3.48,3.333,2.667,3.667,3,3.5,2.833,2.833,3.5,4,3.333,"Control",7,3,2.333,6,7,2.167,3,3.667,2.333,2.167,3,2.8,NA,NA,23,1,1,1,2,3,"50th percentile",2,2,2
"5f3ed1810c5d4f16e6375306",179,"Man","Yes","No","No",NA,"Yes","Bachelor","Biology","N/A","STEM",4,4,2.333,3.667,3,3.833,2.667,3,3,2,2.333,"Explicit",15,3.333,3.333,14,12,2.333,2,2,2,2.333,NA,NA,3,2.333,24,1,2,2,3,5,"75th percentile",2,2,2
"5f4c9e74da9c148b0d42ecbd",725,"Man","Yes","Yes","Yes",15,NA,"Master","Civil Engineering","History","STEM",3.5,4,4,4,4,4,4,4,3.5,3,2,"Explicit",7,2.667,1.667,10,10,1.333,2.333,2,2,2,NA,NA,3.167,3.167,35,1,1,1,1,4,"75th percentile",3,3,3
"5f58597e2f53113c7bd47ab3",211,"Man","No","No","Yes",1,NA,"Associate","Computer science","Mathematic","STEM",4,4,1,3.333,1,3.667,1,4,3.167,2.333,1,"Explicit",10,3.333,2.667,5,5,3,3,2,3,2.167,NA,NA,3.833,3.5,32,1,1,1,3,3,"25th percentile",2,2,2
"5f6c102b6ec04317fc9a8127",370,"Man","Yes","Yes","No",NA,"Yes","HS/GED","computer science","n/a","STEM",3.5,3.667,1.667,1.667,2,2.667,1.833,3.167,2.5,2.667,3.333,"Implicit",15,2.667,1.333,15,15,2,2.333,3.333,2.5,2.5,NA,NA,NA,NA,21,1,1,1,1,5,"90th percentile",3,2,1
"5f74fd83ed11b81620baf105",874,"Woman","No","Yes","Yes",14,NA,"Associate","Accounting",NA,"STEM",3.93,4.333,5,4.333,5,4.333,5,4.833,2.167,4.667,5,"Explicit",11,4.667,5,5,5,3.333,2.333,4.667,3,3,NA,NA,4.167,3,32,1,1,1,4,4,"25th percentile",2,1,2
"5f888877136ad50208b48b47",311,"Man","No","No","Yes",2,NA,"Associate","Biology","N/A","STEM",3.3,4.333,3.667,4.333,3.667,4.333,3.667,3.667,3.167,4.333,4.333,"Explicit",11,4.333,3.667,9,8,3.667,3.333,4.667,2.167,2.333,NA,NA,2.833,3.833,23,1,2,2,3,2,"50th percentile",2,1,1
"5f88fc9a4157a110c725e6f5",217,"Man","No","No","No",NA,"Yes","HS/GED","History","Russian Language","Not STEM",2.5,4,4,3.333,4,3.667,4,2.167,4,3,3,"Explicit",6,4,4,10,10,1.667,1.333,3,3,3,NA,NA,3.167,2.833,26,1,1,1,3,4,"50th percentile",4,3,2
"5fc5612f227abc098a7f5b0c",196,"Woman","Yes","No","No",NA,"Yes","Master","biochemistry, french, medical science, doctor of osteopathic medicine","business","STEM",3.09,3,2.333,3,3,3,2.667,2.667,3.5,4,4,"Explicit",13,3.667,4,3,6,2.667,3.333,4,2.333,2.333,NA,NA,3.167,2.167,26,1,1,1,3,3,"50th percentile",3,2,2
"5fdce42b1976282fd3db47e4",214,"Man","No","Yes","No",NA,"Yes","HS/GED","Political science","n/a","Not STEM",3.5,3,1.667,3.667,4,3.333,2.833,2.167,3.667,3.333,2.667,"Implicit",13,3.667,3.333,10,9,2.667,2.667,3,2,2.167,NA,NA,NA,NA,22,1,1,2,2,4,"50th percentile",3,2,2
"5fe2ca269568d5e8f57933aa",323,"Man","Yes","Yes","No",NA,"Yes","HS/GED","Neuroscience (Currently a senior at 4 year college)","N/A","STEM",3.92,4,2.333,2,2,3,2.167,3,4.167,1.333,2,"Implicit",5,2,2,5,5,2,3,1,2.333,2.167,NA,NA,NA,NA,21,1,2,1,2,4,"50th percentile",1,1,1
"6000ca0be380e61f33f7a0fa",211,"Man","Yes","Yes","Yes",0,NA,"Bachelor","Economics","Statistics","Not STEM",3.55,4.667,3.333,3.667,3.667,4.167,3.5,4.333,3.833,2.333,2.333,"Explicit",6,3.667,3.667,12,5,2.167,2,3,2.5,2.5,NA,NA,3.5,2.167,22,1,1,1,4,2,"25th percentile",3,1,1
"600a42166b660c1943cc2a91",203,"Man","No","No","No",NA,"Yes","Master","Chemistry / Teaching","N/A","STEM",3.9,4.333,3,4.333,4,4.333,3.5,3.833,2.167,5,4,"Explicit",12,4.333,3,8,7,3.333,2.667,4.333,2.833,2.667,NA,NA,3.5,3,23,1,1,1,3,5,"50th percentile",3,2,2
"600f9342e7bc5518fa9ca92a",161,"Man","No","No","Yes",19,NA,"HS/GED","business","None","Not STEM",3.88,3.667,3.667,3.667,3.667,3.667,3.667,3.167,3.5,3,3,"Explicit",6,3,3,10,10,3,3,3,3,3,NA,NA,3,3,19,1,2,2,3,3,"50th percentile",3,3,3
"60102f287069fe2ba53c39cf",297,"Man","Yes","No","No",NA,"Yes","Bachelor","Psychology","na","STEM",3.61,4,2,3.667,4,3.833,3,3.167,3.167,4,4,"Explicit",13,2.667,3.667,8,9,2,3.333,5,2.333,2.5,NA,NA,3.833,2.833,23,2,1,1,2,3,"75th percentile",3,3,2
"60147514665c424b4b812e7d",291,"Man","Yes","Yes","No",NA,"Yes","HS/GED","Biochemistry","Computer Science","STEM",3.88,3.333,2.667,4,4.333,3.667,3.5,4.667,3.167,2,2.667,"Implicit",10,3.667,2.667,12,10,2.833,3.333,1.667,2.833,2.333,NA,NA,NA,NA,19,1,2,1,2,3,"50th percentile",2,1,1
"6018a5c0e1600b187ccb8693",1132,"Man","No","Yes","No",NA,"Yes","HS/GED","computer science","n/a","STEM",2.98,2.667,3,2,3,2.333,3,3.5,3.333,3.667,3.333,"Explicit",5,3,2.667,5,9,2.667,3.333,2.667,3,2.333,NA,NA,2.5,3,26,1,2,1,3,2,"25th percentile",2,1,1
"601c696f0370f35c7883cf99",222,"Man","Yes","Yes","Yes",4,NA,"Bachelor","Speech Language Pathology","n/a","Not STEM",3.7,3,3,3.667,5,3.333,4,3,4,3,3,"Explicit",11,3.667,5,4,3,2,2.333,2,2,2,NA,NA,3.333,3,28,1,2,1,2,5,"50th percentile",1,1,1
"60444cd97d48924d0d4810ea",222,"Man","Yes","Yes","Yes",16,NA,"HS/GED","Computer Science","None","STEM",2.7,2,2.333,2,2,2,2.167,2.833,3,3.667,4.333,"Implicit",14,2,2.667,13,12,1.5,2.333,4,2.333,2.333,NA,NA,NA,NA,21,1,1,1,2,4,"50th percentile",2,2,2
"6073ad2cd288215f64f51efa",294,"Man","No","No","No",NA,"No","Bachelor","Information","n/a","STEM",3.78,4.333,3.333,5,5,4.667,4.167,2.333,4.333,1,1,"Implicit",3,5,4.667,10,10,2.333,1,1,2.667,2.333,NA,NA,NA,NA,33,1,1,1,1,5,"50th percentile",2,2,2
"607dc095678516f84e3fdae6",571,"Woman","Yes","Yes","Yes",2,NA,"Bachelor","Psychology and Criminal Justice","Neuroscience","Not STEM",3.95,4.333,1.667,5,4,4.667,2.833,4.167,3.5,3.667,5,"Control",8,4,2,2,3,3.167,3.667,3.333,2.5,2.5,2.8,2.6,NA,NA,25,1,1,1,3,4,"25th percentile",2,2,2
"6084ed42816c57c9c113a795",404,"Man","Yes","Yes","No",NA,"Yes","Bachelor","Molecular biology",NA,"STEM",2.2,3.333,3,4,4,3.667,3.5,4.833,3.167,2,2.667,"Explicit",12,3,3,6,6,3.167,3.333,2,1.5,2.167,NA,NA,4.5,2.5,35,1,2,2,4,4,"25th percentile",2,1,1
"609d9d4ac5a6c58f5554af71",256,"Woman","Yes","Yes","Yes",0,NA,"Master","Philosophy","N/A","STEM",3.4,5,3.667,4.667,4,4.833,3.833,4.333,4.5,3,3.667,"Implicit",6,4,4,6,5,2.5,3,2,2.333,2,NA,NA,NA,NA,38,1,1,1,2,3,"50th percentile",2,1,1
"60a56d405b073d046324f340",217,"Man","Yes","Yes","No",NA,"Yes","Bachelor","M.B.B.S","N/A","STEM",3,5,4.333,5,4.333,5,4.333,3.667,3.5,2,1.333,"Implicit",10,3,2.667,5,5,3.5,3.333,2.333,2.833,2.5,NA,NA,NA,NA,29,1,2,2,2,3,"50th percentile",3,3,3
"60b964cbdd0817815f7c3d32",200,"Man","Yes","No","No",NA,"Yes","Master","business","computer science","STEM",3.7,4,2.333,4,3.333,4,2.833,4.333,3.667,3.667,2.333,"Control",7,3.667,3,10,6,3.333,3.333,2.667,2.5,2.833,4,4,NA,NA,32,1,1,1,5,5,"25th percentile",3,3,2
"60cf7074e1ea52a0f3450346",241,"Man","Yes","Yes","No",NA,"Yes","Master","Education","N/A","Not STEM",4,5,4.667,3.667,2.333,4.333,3.5,3.333,4.167,4.667,2.333,"Explicit",12,3.333,2.667,7,4,2.333,3.333,4.333,2.167,2.167,NA,NA,3.833,3,31,1,1,1,2,5,"25th percentile",2,1,1
"60d1129ad29dbe85a59b9c4a",247,"Man","Yes","Yes","No",NA,"Yes","Bachelor","Computer Engineering","Computer science","STEM",3.7,4,4,4,4,4,4,4.667,4.333,3,4,"Explicit",7,4,4,5,3,3.333,3,2,3,2.833,NA,NA,3.667,3.167,23,1,2,2,4,2,"50th percentile",3,3,2
"60d1129ad29dbe85a59b9c4a",247,"Man","Yes","Yes","No",NA,"Yes","Bachelor","Computer Engineering","Computer science","STEM",3.7,4,4,4,4,4,4,4.667,4.333,3,4,"Implicit",7,4,4,5,6,3.167,2.333,3,2.833,2.667,NA,NA,NA,NA,23,2,1,1,3,3,"50th percentile",2,2,2
"60e36d56350e661cf50f2c7e",210,"Woman","No","No","Yes",30,NA,"Associate","Nursing","N/A","Not STEM",3.02,3,2,2.333,2,2.667,2,1.667,3,2,2,"Control",7,1.667,1,7,8,1.333,2.333,1.333,3,2,2.2,3,NA,NA,48,1,1,1,2,3,"50th percentile",2,1,1
"60fcf4fb9a5cdfcc26e4d121",197,"Woman","Yes","Yes","No",NA,"Yes","Master","Human biology, currently working towards my MD","Occupational science, Health Care sciences","STEM",3.65,3.667,4,5,4.667,4.333,4.333,3.833,3.5,4,4,"Explicit",13,5,5,9,7,2.5,1.333,4.667,2.667,2.333,NA,NA,3.333,2.167,24,1,2,2,4,1,"25th percentile",3,1,1
"60fd359f395ac99c398b8b26",304,"Woman","No","No","No",NA,"Yes","Bachelor","communication","n/a","Not STEM",3.2,4,3,4,4,4,3.5,1.833,2.833,3.667,3.667,"Explicit",9,5,5,15,15,2.333,2.333,3.667,2.167,2.167,NA,NA,3.333,2.667,23,1,1,1,2,5,"75th percentile",2,2,2
"60fd97382c97fa063217683b",160,"Non-binary","Yes","Yes","No",NA,"Yes","Master","biochemistry","chemistry, art history","STEM",4.1,3.667,2.333,3.333,3,3.5,2.667,3.167,4.333,2.667,4,"Explicit",10,2.333,3.333,5,3,3.167,3.333,3,2.5,2.333,NA,NA,3.833,3,29,1,1,2,3,4,"25th percentile",1,2,1
"60fdf18884991b2263f75eec",243,"Woman","Yes","Yes","Yes",3,NA,"HS/GED","Computer Science","N/A","STEM",3.56,3.333,2.333,3.333,4.333,3.333,3.333,3.167,3.5,3.333,3.333,"Implicit",5,3.333,5,5,5,4,4,5,2.5,2,NA,NA,NA,NA,22,1,1,1,2,3,"50th percentile",2,2,2
"60fe0df0dff66fde69e4ca76",267,"Woman","No","No","Yes",NA,NA,"HS/GED","Public Health- Pre Occupational Therapy","n/a","Not STEM",3.1,5,5,5,5,5,5,3.5,3.833,4.667,4.667,"Control",8,5,5,10,6,2,4,4.667,2,2,3.8,3,NA,NA,21,1,1,2,4,2,"50th percentile",2,1,1
"60fe38317cb19f2601f75e05",449,"Non-binary","No","Yes","No",NA,"Yes","Associate","biology","n/a","STEM",3,3,2.333,2,1.667,2.5,2,2.167,3.333,2.667,3.667,"Implicit",14,2.333,2,10,9,3.333,2.667,2.667,2.5,2.167,NA,NA,NA,NA,26,1,1,1,3,5,"50th percentile",2,2,2
"60feb9af1d56359bd85bb83f",236,"Woman","Yes","Yes","No",NA,"Yes","HS/GED","Microbiology","Applied Biotechnology","STEM",3.84,4,2.667,4.333,3,4.167,2.833,3.333,3.333,4,4,"Explicit",10,4.667,3.333,4,4,2.5,3.333,3.333,2.333,2.333,NA,NA,3,2.333,21,1,1,1,3,4,"25th percentile",1,1,1
"610016afc022650a809d6c84",304,"Woman","Yes","No","No",NA,"Yes","Bachelor","nursing","n/a","STEM",3.4,3.667,3,3.667,4,3.667,3.5,4,3.667,4,3,"Control",8,3,3.667,12,8,2.833,2.667,3,2.333,2.667,3.2,2.4,NA,NA,24,1,2,2,3,2,"50th percentile",2,2,2
"6108649840bf2b927ef3905c",305,"Man","Yes","Yes","No",NA,"Yes","Master","Network Engineering","Telecom","STEM",3.68,4.667,4,4,3.667,4.333,3.833,4.833,4.333,4,4.667,"Explicit",7,4,3,7,6,3.167,2,4,2.5,2,NA,NA,4,3.667,35,1,1,1,3,3,"50th percentile",1,1,1
"6110cb9fd3ba23cecacc8fc4",223,"Man","Yes","No","No",NA,"Yes","HS/GED","Economics","Business Admin","Not STEM",3.68,4.333,2.667,4,2.667,4.167,2.667,3.5,3.333,2.333,2.667,"Explicit",7,3.667,2.333,7,5,2.333,3.333,2.667,2.167,1.833,NA,NA,2.833,3.167,21,1,1,1,3,3,"50th percentile",2,2,2
"6121874bf9343fff5be07860",219,"Woman","Yes","No","No",NA,"No","HS/GED","psychology","none","STEM",3.4,4.667,4.333,5,5,4.833,4.667,2.5,4.5,2,5,"Control",8,5,5,10,13,2.667,1.667,2,2.5,3,3.8,3.8,NA,NA,30,1,1,1,2,5,"50th percentile",2,3,3
"6133241aa65f56d5102b58f3",183,"Man","Yes","No","No",NA,"Yes","Associate","English","N/A","Not STEM",2,2.667,3,2,3.667,2.333,3.333,1.333,4,4.667,4,"Implicit",15,3,4,12,10,1.333,4.333,3.667,2.5,2.667,NA,NA,NA,NA,26,1,1,1,1,5,"50th percentile",3,2,2
"6158bb338b6122275bc191e3",193,"Other","Yes","Yes","No",NA,"Yes","Master","Computer Science","Cognitive Science","STEM",4,3.667,2.667,3.333,2.667,3.5,2.667,4.333,3.667,1.667,3,"Explicit",12,3.667,4,13,12,2,3.667,1.333,2,2,NA,NA,3,2.333,24,1,1,2,2,3,"50th percentile",2,1,2
"62029779ef1cb18a1337c0f7",238,"Man","Yes","No","No",NA,"Yes","HS/GED","Architecture","N/A","STEM",3.1,4,2,4.333,3,4.167,2.5,2.667,3.167,3.333,2.667,"Control",15,4.333,3,3,7,2.5,1.333,2.667,1.833,1.5,4,2.2,NA,NA,23,2,1,1,2,3,"50th percentile",2,2,1
"627120b98967a5dbd4922c2e",215,"Man","No","Yes","No",NA,"Yes","Master","mha","n/a","Not STEM",4,5,5,5,5,5,5,4.167,3.167,5,3.667,"Explicit",6,3.667,3.667,5,3,3.5,3.333,3,3.167,3.333,NA,NA,3.167,3.333,37,1,1,1,3,4,"50th percentile",3,3,2
"62785b6530a3dfd84d8fc34a",158,"Woman","No","Yes","Yes",6,NA,"Bachelor","Medical Lab Science","N/A","STEM",3.4,4.667,4,4,4.333,4.333,4.167,4,2.667,2.333,3,"Control",7,4.333,4.333,5,2,4,2.667,2.667,2.5,2.5,3.8,3.2,NA,NA,21,2,1,1,3,2,"25th percentile",2,1,2
"62786d651468033573297f2c",362,"Woman","Yes","Yes","Yes",4,NA,"Master","Dental","n/a","STEM",2.5,4.333,2.333,2.667,2.667,3.5,2.5,1.833,4.167,3,3.667,"Explicit",8,2.333,2.333,7,5,3.167,2.333,3,2.5,2.5,NA,NA,2.333,2.833,26,2,1,2,4,3,"50th percentile",2,3,2
"627986ad0b4e17430bd23d80",307,"Man","No","Yes","No",NA,"Yes","Associate","Graphic Design","Business","STEM",3.65,4.333,3,2.333,2.667,3.333,2.833,3.833,3.333,2.333,3.667,"Control",11,2.667,3,7,5,2.5,1.333,2,2,2.167,4.6,3.4,NA,NA,34,1,1,1,3,5,"25th percentile",2,2,2
"62a25c61a50ccd1ffb6729fb",431,"Woman","No","Yes","No",NA,"Yes","Bachelor","Animation","N/A","Not STEM",3.49,5,4,4.333,5,4.667,4.5,1.167,3.833,4.667,4.333,"Implicit",7,4.667,4.667,1,4,2.667,2.667,4.333,3.333,2.667,NA,NA,NA,NA,27,1,1,1,5,5,"10th percentile",4,4,3
"62b10d376cda94ec0cd6c1e3",264,"Man","Yes","Yes","No",NA,"Yes","Bachelor","Life Science Informatics","N/A","STEM",3.89,4.667,3,4,4,4.333,3.5,4,2.167,4.333,2.667,"Implicit",15,3.333,3.667,10,12,4,2.667,4.333,2.5,2.667,NA,NA,NA,NA,28,1,1,1,3,3,"75th percentile",2,3,2
"62ce01e10103af1a049c6b31",243,"Man","Yes","Yes","No",NA,"Yes","Bachelor","Audio Engineering","n/a","Not STEM",3.5,4,2.333,3.667,3.333,3.833,2.833,2.5,4.333,2.667,4,"Control",6,1.667,3,8,8,1.833,3,1.667,2,2.333,3.6,3,NA,NA,27,2,1,1,3,2,"50th percentile",2,2,2
"62ef8372cd41d2893d237b6b",270,"Man","No","No","No",NA,"Yes","Associate","Chemistry","n/a","STEM",3.1,4,4.667,4,4.667,4,4.667,4.667,2.833,3,2.667,"Explicit",15,3.667,4.333,10,8,1.833,3,3,2.667,2.833,NA,NA,3.667,3.5,27,1,1,1,2,4,"50th percentile",2,2,2
"63268e60fbfb9c73671faa37",193,"Man","Yes","Yes","No",NA,"Yes","Associate","Mechanical Engineering","N/A","STEM",3.63,3,3.333,4.333,4,3.667,3.667,3.833,3.667,3.667,3,"Control",11,4.333,4.667,12,10,3.5,4,3.667,2.167,2,3.4,3,NA,NA,20,1,1,1,4,2,"25th percentile",3,1,1
"63460f79457f687948f53b88",281,"Man","Yes","Yes","Yes",30,NA,"Master","Industrial Engineering","N/A","STEM",3.58,4.667,4.333,3,5,3.833,4.667,4.333,3.5,3,3.333,"Implicit",7,3.667,5,8,9,2.5,1.667,2.667,2.667,2.5,NA,NA,NA,NA,34,1,1,1,3,3,"75th percentile",3,4,3
"6348845d31edff3dff1b7799",1153,"Man","Yes","Yes","No",NA,"Yes","Bachelor","Finance","N/A","Not STEM",3.91,4,3.667,4,3,4,3.333,4.833,4.333,4.333,3.333,"Explicit",11,4.667,3,10,10,2.833,1.667,3.667,2.5,2.5,NA,NA,3.667,3.167,24,1,1,1,3,3,"75th percentile",2,2,3
"6361b53c44c9c4ebeb619db1",164,"Man","No","Yes","No",NA,"Yes","HS/GED","Nursing","N/A","STEM",3.82,4.667,4.333,4.333,4,4.5,4.167,4.833,3.667,3.667,3,"Implicit",6,4.333,4.333,9,7,2.667,1.667,3,2.667,2.333,NA,NA,NA,NA,23,1,1,2,3,2,"50th percentile",2,1,1
"63bd8c28fb1d955babddd6d5",390,"Man","No","No","No",NA,"Yes","HS/GED","Computer Science","Math","STEM",3.65,3.333,1.667,4,2.667,3.667,2.167,3.5,3.333,3.333,2.667,"Implicit",14,2.667,3,10,8,2.833,3,3,2.5,2,NA,NA,NA,NA,22,1,1,1,3,4,"50th percentile",3,2,2
"63d13f5ee27b28a60fc1df15",163,"Man","Yes","Yes","No",NA,"Yes","Bachelor","Kinesiology","Psychology","Not STEM",3.8,4.667,3,4,2,4.333,2.5,4.667,1.667,5,5,"Explicit",12,5,3.667,14,11,3,2.667,3,2.333,2.333,NA,NA,3,2.667,25,1,2,2,2,1,"50th percentile",3,2,2
"63d69bcc9ac7e2fd85b9ce49",676,"Woman","Yes","Yes","Yes",22,NA,"Master","science","social","STEM",3,4,4,3,3.333,3.5,3.667,3.333,4,3.667,3.667,"Control",8,3.333,3,11,11,3.667,3,3.667,3.167,3.5,2.8,3,NA,NA,47,3,2,1,4,4,"50th percentile",4,4,3
"63d7f39789fcbee9babcf85a",211,"Man","No","No","No",NA,"Yes","HS/GED","Engineering","None","STEM",3.8,5,3.667,4.333,4.667,4.667,4.167,3.333,2.333,4.333,4,"Explicit",12,3.667,3,9,7,4.333,2.667,4,2.333,2.333,NA,NA,3.167,3,18,1,1,1,2,4,"50th percentile",2,1,1
"63de07747845d88c4962eff2",194,"Non-binary","No","No","No",NA,"Yes","HS/GED","English","N/A","Not STEM",3.9,4.667,3.667,4,3.333,4.333,3.5,1,4.667,3,3.333,"Explicit",7,4,3,6,6,4,3.333,3,2.333,2.333,NA,NA,2.5,2,24,1,1,1,2,4,"50th percentile",3,2,2
"63e51e55974365f1e43df265",575,"Man","Yes","Yes","No",NA,"Yes","HS/GED","computer science","economics","STEM",3.8,3,4,3.667,2.333,3.333,3.167,4.167,2.833,3.667,3.667,"Explicit",14,3.333,2.333,12,10,3.667,4,4.667,3,3.167,NA,NA,3.833,3.667,20,1,2,2,3,3,"50th percentile",3,2,1
"63eb78a1fc614fd7af392873",1171,"Man","Yes","Yes","Yes",25,NA,"Master","science","social","STEM",3,3.667,3.333,3.333,4,3.5,3.667,3.333,3.333,3.333,3.333,"Implicit",7,3.333,3.333,11,11,3.5,3.333,3.667,3.333,3.333,NA,NA,NA,NA,58,1,2,2,4,4,"50th percentile",4,3,4
"63f77ab51428a164ec2edbab",361,"Man","Yes","Yes","No",NA,"Yes","HS/GED","Political Science","Informatics","Not STEM",4,4.667,3.667,3.667,3.333,4.167,3.5,2,4.833,2.333,3.333,"Control",7,3.667,4.667,4,3,3,1.333,2,2.833,1.833,3.2,3.6,NA,NA,19,1,1,1,3,5,"10th percentile",1,1,1
"6413a7cd7df0a6b1d2b69d0c",276,"Man","Yes","No","No",NA,"Yes","Bachelor","Biology and Business","N/A","Not STEM",3.3,3.333,2.333,2.333,1.667,2.833,2,2,3,4,2.333,"Implicit",13,4,4.333,7,7,2.333,3.333,3.333,3.167,3.333,NA,NA,NA,NA,32,1,2,2,1,1,"50th percentile",3,1,1
"6431fa7dd113eda38603cabc",241,"Man","Yes","Yes","No",NA,"Yes","Bachelor","Nutrition, Biology","Psychology","STEM",3.6,5,4,5,4.667,5,4.333,3.333,3.167,1.333,2,"Control",9,4.667,5,8,5,4.667,2.667,1.667,3.167,3.167,4,4.4,NA,NA,24,1,1,2,3,3,"50th percentile",2,2,2
"6452a1b17000c1527e9fd003",320,"Woman","No","Yes","Yes",0,NA,"HS/GED","Architecture","N/A","STEM",3.81,3,2.333,3.667,4.333,3.333,3.333,4.333,3.167,2,4,"Control",12,3.667,4,13,12,2.333,3.667,2,2.667,2.5,3.4,2.6,NA,NA,19,1,2,1,4,3,"75th percentile",3,3,3
"64ebc24a8921061fcf72748d",181,"Woman","No","Yes","No",NA,"Yes","Associate","Sociology","Social Data Science","Not STEM",4,4,3.667,5,5,4.5,4.333,2.833,3.667,4,4,"Explicit",8,4.667,5,12,8,2.5,4.667,5,2.167,2.167,NA,NA,3.5,2,20,1,1,1,3,4,"25th percentile",2,2,1
"650afc00d748aa554ebde221",177,"Woman","Yes","No","No",NA,"Yes","Bachelor","biology","italian, chemistry","STEM",4,4,2,4,2,4,2,2.667,4.333,3,2.667,"Implicit",10,5,2.333,10,8,3.333,3,4,3,2.833,NA,NA,NA,NA,25,1,2,1,3,5,"50th percentile",2,4,2
"65181c2f753b188afdddd2c4",411,"Man","Yes","Yes","Yes",12,NA,"Bachelor","Computer Science","N/A","STEM",3.75,4,4,4,5,4,4.5,4.167,3.667,4,3.333,"Control",7,4,4,8,6,2.833,2.333,4,2.667,2.333,3.8,3.8,NA,NA,33,1,1,1,3,2,"25th percentile",2,2,2
"651848d6ccd4f7b31d6534e7",220,"Woman","No","Yes","No",NA,"Yes","Associate","Health communication",NA,"Not STEM",2.98,3.667,3.333,4.333,4,4,3.667,2.333,4.167,4,4.333,"Implicit",9,4.333,5,15,5,4.167,4.333,4.667,2.667,3,NA,NA,NA,NA,20,1,2,2,5,5,"25th percentile",3,1,1
"65185750126ba439e0d8ca1e",227,"Man","Yes","No","No",NA,"No","HS/GED","Information Technology","N/A","STEM",2.5,3.333,3,3,3.667,3.167,3.333,3.667,3.833,2.667,1.667,"Explicit",10,3,3.667,7,4,3,3.667,2.667,2.333,2.333,NA,NA,2.833,1.833,18,1,1,1,2,3,"25th percentile",2,1,1
"6518707116415d421f5638b6",187,"Woman","Yes","No","No",NA,"Yes","HS/GED","Computer Science","N/A","STEM",4,4.333,2,5,5,4.667,3.5,3.167,3.333,3.333,3.667,"Control",9,5,3.667,10,8,3,3.333,3,2.333,2.333,3.2,2.8,NA,NA,24,1,1,1,2,4,"50th percentile",4,3,3
"651b4d20230393335347efdb",261,"Man","Yes","No","No",NA,"Yes","Doctorate","Medicine","None","STEM",4,5,5,4.667,5,4.833,5,3.667,3.5,3.667,4.333,"Implicit",12,5,4.667,6,5,3.833,1,4.333,2.833,2.833,NA,NA,NA,NA,26,1,2,1,1,4,"50th percentile",2,2,1
"651d2cdc7b87b2219dde8dd8",132,"Man","Yes","Yes","Yes",4,NA,"HS/GED","Ethnic Studies","N/A","Not STEM",4,3,2.667,3.333,3.333,3.167,3,3.667,3.833,4.667,3,"Implicit",9,2.667,2.333,8,6,2.333,3,4.333,2.333,2.333,NA,NA,NA,NA,19,1,1,1,2,5,"25th percentile",2,1,1
"6526437a858fe5cdc54aa8aa",181,"Man","Yes","No","No",NA,"Yes","Bachelor","Computer Engineering","N/A","STEM",3.4,4,2,3.667,4.333,3.833,3.167,4.833,4.333,3.667,3.667,"Implicit",11,5,4.667,7,7,3.167,2.667,4,2.833,3.167,NA,NA,NA,NA,21,1,1,1,3,4,"50th percentile",2,3,3
"65296a5e6b3da09843f655ba",276,"Man","No","Yes","Yes",1,NA,"HS/GED","Business","N/A","Not STEM",3.67,3.333,3,4,4.333,3.667,3.667,3.833,2.833,4,4,"Explicit",14,4,4,15,13,3.833,3.333,3.333,2.333,2.5,NA,NA,3.833,2.5,19,1,1,2,2,4,"75th percentile",3,1,2
"65345c123ea7ca867237e6e0",160,"Man","Yes","No","No",NA,"No","HS/GED","Economics","Computer science","Not STEM",3.15,3.667,4.333,3,3,3.333,3.667,5,3.167,3.667,4.333,"Implicit",13,2,2.333,10,8,1.833,1.667,3,2.5,2.5,NA,NA,NA,NA,19,1,1,1,3,4,"50th percentile",2,2,2
"6535d3f1b4ff80adff474548",250,"Woman","No","Yes","No",NA,"Yes","Master","Human Genetics",NA,"STEM",4,4.333,3,5,2.333,4.667,2.667,4.5,4.5,5,4,"Control",11,5,4,4,5,3.167,2,4.667,2.167,2.333,2.4,2.4,NA,NA,29,1,1,1,4,3,"50th percentile",2,1,1
"6537ccd8aacb65739e270b30",349,"Woman","No","No","No",NA,"Yes","HS/GED","Computer Science","Mathematics","STEM",3.83,3,2.667,2.667,3,2.833,2.833,3.833,3,2.667,3.333,"Control",11,2.667,3.667,10,8,1.833,2.667,3,2.167,1.833,2.4,2,NA,NA,21,1,1,1,3,3,"50th percentile",2,2,2
"6541804f4541b631646a39c0",153,"Woman","No","No","No",NA,"Yes","HS/GED","Clinical Nutrition","None","STEM",3.5,4,4,4,4.333,4,4.167,3.5,3.5,4,4,"Explicit",6,4,4,9,7,3.167,2.667,4,2.167,2.167,NA,NA,2.667,2.5,20,1,1,1,2,4,"50th percentile",2,2,2
"65448b199021d3a8d55ae80e",229,"Man","Yes","No","No",NA,"Yes","Bachelor","History","n/a","Not STEM",3.8,5,5,2.667,2,3.833,3.5,2.333,4.833,3,3,"Implicit",11,2,2,10,10,1.833,1.667,2,2.167,1.667,NA,NA,NA,NA,29,1,1,1,2,3,"50th percentile",2,2,2
"65511607abf6cccaa5bad8c6",186,"Woman","Yes","Yes","No",NA,"Yes","HS/GED","Business","Japanese","Not STEM",4,3,3,5,5,4,4,5,1.667,2.333,3.333,"Control",9,5,5,11,8,3.667,5,2.667,1.833,1.5,3.6,2.8,NA,NA,19,1,2,2,4,3,"50th percentile",3,3,2
"655f8b6aead3b1448f52681b",171,"Woman","Yes","Yes","No",NA,"Yes","HS/GED","Biomedical","N/A","STEM",3.6,3,4,3.667,5,3.333,4.5,1.333,2.833,4.667,4.667,"Explicit",6,3.667,5,10,5,3.167,2.333,5,2.333,2.167,NA,NA,3,2.833,20,1,2,2,3,4,"25th percentile",2,2,1
"655f96c00e4ff12b60147004",264,"Woman","Yes","Yes","Yes",1,NA,"Bachelor","Information Technology","N/A","STEM",3.81,4.667,4.667,4.667,5,4.667,4.833,4,2.833,4,4,"Control",7,4,3.333,8,6,3.667,3.333,3,2.667,2.167,2.8,2.8,NA,NA,23,1,1,1,3,4,"25th percentile",3,3,2
"655f972d8bea916cc48144de",202,"Woman","Yes","Yes","Yes",3,NA,"Bachelor","Public Health","Business","STEM",3.99,4,3,4,3,4,3,3.667,4.333,5,5,"Explicit",7,4,4,5,5,3,1.667,4,2.5,3,NA,NA,3.333,3.167,22,2,1,1,2,5,"50th percentile",2,1,1
"655fcf54056edf3065f74b91",851,"Woman","No","Yes","No",NA,"Yes","HS/GED","Health Promotion","Biology","STEM",3.68,4.667,2.333,3,3,3.833,2.667,3.333,4.333,3.667,4,"Control",14,2.667,3.333,0,2,3.667,3,3.333,2.333,2.5,3.6,2.4,NA,NA,19,1,1,1,4,4,"25th percentile",2,2,1
"655feb8d6493ccbb55c26c59",404,"Man","No","Yes","Yes",20,NA,"Associate","Computer Science","N/A","STEM",3.8,4,4,3.667,4,3.833,4,3.167,3,4,4,"Control",8,3.333,3.333,5,6,3,2.667,4,2.333,2.167,3.2,2.8,NA,NA,24,1,2,1,3,4,"25th percentile",2,1,1
"6560ca7bb947c4f10cf53c36",348,"Man","Yes","No","No",NA,"Yes","Bachelor","International Studies, Urban Studies","N/A","Not STEM",3.83,4,3.333,3,3,3.5,3.167,4.667,3.667,3,2.667,"Implicit",13,3,3,9,10,2.5,2,3,2.167,2.167,NA,NA,NA,NA,23,1,1,1,3,4,"50th percentile",3,3,3
"6560d1fe9f74937c98f36caf",292,"Woman","Yes","No","No",NA,"No","Bachelor","Business Management with a Marketing concentration","Asian Studies","Not STEM",3.77,3.333,3.667,4.333,5,3.833,4.333,3.333,5,3,5,"Implicit",13,4,5,11,10,2.333,1.333,3,2.833,2.667,NA,NA,NA,NA,21,1,1,1,2,5,"75th percentile",4,4,3
"6562617f736ba20cacd63ab6",400,"Woman","Yes","Yes","No",NA,"Yes","Bachelor","Biochemistry","History","STEM",3.6,3.333,1.667,2,1.667,2.667,1.667,2,2.5,3,1.667,"Control",7,2,3,5,5,2,5,2.667,2.333,2.167,2.6,2.6,NA,NA,23,1,1,1,1,5,"10th percentile",1,1,1
"65755801000442e5a54f5005",2839,"Woman","Yes","Yes","Yes",4,NA,"HS/GED","Data Science","N/A","STEM",2.5,3,3,3.667,2.333,3.333,2.667,2,4.5,4.333,4.667,"Control",8,2.667,3.667,0,4,4,3.333,2,2.833,1.833,3.8,3.2,NA,NA,23,1,1,1,2,3,"25th percentile",2,1,2
"6578fbf39f92169f4d1cafd8",221,"Man","No","No","Yes",1,NA,"HS/GED","Economics","Marketing","Not STEM",4,4.667,5,5,5,4.833,5,3.667,4.167,5,5,"Explicit",8,5,5,8,7,1.667,2.667,5,2.333,2.333,NA,NA,4,3.333,19,1,2,2,3,5,"50th percentile",3,3,4
"657a5fdf40daebdb26cb32b4",227,"Woman","No","No","Yes",3,NA,"Associate","management","psychology","Not STEM",3.2,4.667,4.667,4,4.333,4.333,4.5,2.333,4.5,5,3.667,"Explicit",8,5,4,11,8,3.833,2.667,3.667,2.833,3,NA,NA,4,2.667,22,1,2,2,3,5,"50th percentile",2,2,1
"65828151504edb3149e2db58",296,"Woman","No","Yes","Yes",0,NA,"Bachelor","Biology/Psychology","N/A","STEM",3.9,3.667,2.667,3.667,4.333,3.667,3.5,3.5,3.667,4.333,3,"Control",10,4.333,4.333,10,9,2.333,1.667,4.333,2.5,2.333,3.8,3.2,NA,NA,24,1,1,2,3,3,"75th percentile",3,2,2
"6584777affe8fe48f8bab87f",157,"Woman","Yes","Yes","Yes",2,NA,"Bachelor","Mathematics","Pre-Health, Psychology","STEM",3.7,4.333,3,4.667,5,4.5,4,3.5,2.333,4,4.667,"Explicit",10,4.667,5,10,9,4.333,4.333,3,2,2.167,NA,NA,3.833,2.667,20,1,1,1,5,5,"50th percentile",2,1,2
"658ef999acd5710c94c08490",242,"Woman","No","No","No",NA,"Yes","HS/GED","Pre-Pharmacy","N/A","STEM",3.7,2.667,2.333,5,5,3.833,3.667,3.5,3.167,2,4,"Explicit",13,5,5,10,12,2.333,3,2,3.333,3,NA,NA,3.333,3.167,18,1,1,1,2,5,"50th percentile",2,3,3
"6595784e1782997a5c7d6a1b",157,"Woman","No","Yes","No",NA,"Yes","Bachelor","Psychology/Pre-Nursing","Neuroscience","Not STEM",3.4,4.333,3.667,4.333,4,4.333,3.833,1.833,3.833,4,1,"Explicit",10,4,4,4,5,3.167,4.667,3,3.167,2.5,NA,NA,5,3.167,24,1,1,1,4,3,"25th percentile",1,1,1
"6595c5f627a60ea2fe4f76d0",257,"Woman","No","Yes","Yes",1.5,NA,"HS/GED","Accounting","n/a","Not STEM",3,4.333,3.333,2.667,2,3.5,2.667,3.833,2.667,3,4,"Explicit",7,2.333,2.667,10,10,1.667,2.333,3,2.167,2.333,NA,NA,3.833,1.667,24,1,1,1,2,1,"50th percentile",1,1,1
"659616d78c849893b09541ec",525,"Man","Yes","No","No",NA,"No","Associate","Energy Management and Controls Technology","None","STEM",3.2,4.667,4.667,3.667,4.667,4.167,4.667,3.333,5,5,3,"Control",8,5,5,12,12,3.667,2.667,3.667,3,3,2.6,3.4,NA,NA,23,1,1,1,2,5,"75th percentile",3,3,2
"65969e3c11bcdc9abb1980b6",338,"Woman","No","Yes","No",NA,"Yes","HS/GED","Nursing","Not Applicable","Not STEM",4,4.333,3.333,5,4.333,4.667,3.833,3.667,2.333,1.667,2,"Implicit",5,5,5,0,3,3,4,1.667,2.667,3,NA,NA,NA,NA,19,1,1,1,5,1,"25th percentile",1,1,1
"6598942c3d07928cc188ffdb",185,"Man","Yes","No","No",NA,"Yes","HS/GED","kinesiology","music technology","Not STEM",3.6,2,2,3.333,4,2.667,3,2.333,2.833,3,4,"Implicit",9,3.667,4,3,1,2.667,3,3,2.5,2.167,NA,NA,NA,NA,18,1,2,1,5,1,"10th percentile",1,1,1
"659db524feac2e6da6c43101",252,"Woman","Yes","No","Yes",6,NA,"Master","Political Science, Public Policy, Sociology","Economics","Not STEM",3.9,3.667,3,1.667,4.333,2.667,3.667,1.5,4.667,4,3.667,"Explicit",8,2.667,4.667,0,1,1.833,2.333,3.667,2.333,2.333,NA,NA,3.667,1,30,1,2,1,2,2,"25th percentile",2,1,1
"65a2bed50652b97162516095",618,"Woman","No","Yes","No",NA,"Yes","Bachelor","Bachelor of science in nursing",NA,"Not STEM",3.75,3.667,2.667,3.333,2.667,3.5,2.667,3.167,3.833,4,4.333,"Implicit",7,3,2,6,5,2.167,2.333,4.333,2.5,2.167,NA,NA,NA,NA,37,2,1,1,4,3,"25th percentile",2,2,1
"65a58b087781836186ca5b78",229,"Woman","Yes","No","No",NA,"No","HS/GED","BS Psychology Premed","prehealth professions","STEM",3,4,3.333,3.667,4,3.833,3.667,2.667,3.5,2,3,"Explicit",5,4.333,4,10,7,3.333,3.667,2,2.333,2,NA,NA,3.333,2.333,21,1,2,1,2,4,"50th percentile",3,3,2
"65a5bc46a459a1f1b5a8ade9",209,"Woman","Yes","Yes","Yes",10,NA,"HS/GED","Hospitality, Travel, & Tourism Management","Psychology","Not STEM",3.92,3,4,3.333,3.667,3.167,3.833,3.833,3.833,5,5,"Control",9,3.333,4,10,8,3.167,3.333,4,2.333,1.833,3.4,3,NA,NA,20,1,2,1,4,1,"50th percentile",2,1,1
"65ac1f1f0cc1792287becdd7",427,"Woman","No","No","No",NA,"Yes","Associate","liberal arts","n/a","Not STEM",3.59,2.667,3,4,4.667,3.333,3.833,3.833,2.5,5,5,"Implicit",13,3,4,7,8,3.333,2.333,4.667,2.167,2.333,NA,NA,NA,NA,21,1,1,2,2,5,"50th percentile",1,1,1
"65aed67f38bccce795a29383",418,"Man","Yes","Yes","No",NA,"Yes","HS/GED","Computer Science","n/a","STEM",3.75,4.667,5,5,5,4.833,5,4.5,3.167,4,5,"Control",13,5,2.333,12,12,3.333,4,4.667,2.667,2.833,4.4,4.6,NA,NA,20,1,1,1,2,4,"75th percentile",2,1,2
"65aee576ac09f8926668a1fd",189,"Other","Yes","Yes","No",NA,"Yes","Bachelor","Nursing","None","STEM",4,1.667,2,2.333,3.333,2,2.667,2.833,5,2.667,1.667,"Explicit",7,2.667,3.333,6,5,2.167,2.333,2.333,2.5,1.833,NA,NA,4,2.833,26,1,2,2,2,1,"50th percentile",1,1,1
"65af49de258f4c49e40879ca",131,"Woman","Yes","No","Yes",0,NA,"HS/GED","History","n/a","Not STEM",3.87,3,3,3.667,3.333,3.333,3.167,1,4.667,4,4,"Explicit",8,3,3,13,9,2.833,3,4,3.167,3,NA,NA,3.167,2,19,1,2,2,3,4,"50th percentile",3,2,2
"65afe752c7c336dcf6ca0739",216,"Woman","No","Yes","Yes",0,NA,"Bachelor","Medical Student (Biochem undergrad major)","Psychology","STEM",3.98,5,3.667,4.333,3.333,4.667,3.5,3.833,5,5,5,"Implicit",6,4.333,3.333,4,5,3.833,2.333,5,3,2.667,NA,NA,NA,NA,27,1,2,2,2,5,"25th percentile",3,3,3
"65b57bfd15649e564a9cb166",203,"Woman","Yes","Yes","Yes",7,NA,"HS/GED","Materials Engineering","N/A","STEM",3.47,5,2.333,4,2,4.5,2.167,4.167,4.333,2.667,4,"Explicit",13,3.333,5,6,8,3,3.333,3,2.833,3,NA,NA,4,3.333,19,1,2,1,4,5,"75th percentile",4,2,2
"65b8628fc87ec30641249be5",148,"Woman","Yes","No","No",NA,"Yes","Bachelor","Biomedical Sciences","Mathematicx","STEM",3.86,4.667,1,4.333,4.333,4.5,2.667,4.667,4.833,3.667,3.667,"Explicit",8,3.333,4,1,2,3.333,2.333,3.333,2.5,2.5,NA,NA,3.833,2.667,24,1,2,2,3,1,"10th percentile",3,1,1
"65bff5ce2c3df3a5127fa462",204,"Man","Yes","No","No",NA,"Yes","HS/GED","Mechanical Engineering",NA,"STEM",3.61,3.333,3.333,4,4,3.667,3.667,4.333,4,2.333,3.333,"Control",12,4,4,11,9,3,3,2,2.5,2.167,2.8,2.6,NA,NA,19,1,1,1,3,5,"75th percentile",2,1,1
"65c38feb18c3664f15255d47",218,"Woman","No","Yes","Yes",3,NA,"HS/GED","Graphic Design",NA,"Not STEM",4,5,4,4.667,3.667,4.833,3.833,2.667,4.667,4,4,"Control",9,5,5,10,10,4.333,4.333,5,2.667,2.833,3.6,2.4,NA,NA,19,1,1,1,2,3,"75th percentile",4,2,3
"65cb5e15f8685a04fa82ff0f",236,"Woman","Yes","Yes","No",NA,"Yes","HS/GED","Computer Science","N/A","STEM",3.8,4,2.667,5,4,4.5,3.333,4.833,2.667,4,2,"Control",7,4.667,3.667,5,5,2,2.333,3.333,2.333,2.333,3.2,2.2,NA,NA,18,1,1,2,4,4,"50th percentile",1,1,1
"65cb5e5ada0320fa4478a9f6",723,"Woman","No","Yes","No",NA,"Yes","HS/GED","Neuroscience & Biotechnology","n/a","STEM",3.29,3.667,3.333,4,5,3.833,4.167,4.5,2.5,3,3.667,"Implicit",14,3,4,5,8,2.5,2.667,2.667,2.5,2.5,NA,NA,NA,NA,21,1,1,1,4,5,"50th percentile",1,1,1
"65cb62019967e5393a786f30",179,"Woman","Yes","Yes","No",NA,"Yes","HS/GED","Biomedical Science","Global Public Health","STEM",4,4,3.333,4.333,5,4.167,4.167,3.833,3.833,4,4,"Control",10,4.667,4.333,7,6,2.833,3,4,2.5,2.167,3.6,2.2,NA,NA,19,1,2,2,4,3,"25th percentile",2,1,1
"65cb63a9363a0647682c06e7",193,"Woman","Yes","No","No",NA,"Yes","Master","Health sciences","N/a","STEM",4.18,4.333,2.667,4,3.333,4.167,3,2.5,4.333,4.333,5,"Explicit",8,4,4.333,6,4,3.833,2.667,4,2.167,2,NA,NA,3,2.667,26,2,1,2,3,3,"25th percentile",4,3,2
"65cb65eb9967e5393a787064",180,"Woman","Yes","No","No",NA,"Yes","HS/GED","Kinesiology","Psychology","STEM",3.8,4.333,4.333,4.333,4,4.333,4.167,4.833,2.333,1.667,2.667,"Implicit",8,5,5,7,6,3.167,2,1.667,2.333,2,NA,NA,NA,NA,19,1,1,1,4,2,"25th percentile",1,1,1
"65cb677d302a5cea87dfdd37",188,"Woman","Yes","No","No",NA,"Yes","Bachelor","Business management",NA,"Not STEM",4,4.333,4.667,4.667,5,4.5,4.833,3.333,4,2,4,"Explicit",7,5,5,3,3,3.667,4.667,2,3,2,NA,NA,3.333,2.833,26,1,2,2,3,3,"25th percentile",3,3,3
"65cb6bdcbe74d1e2ee5635fa",200,"Woman","No","Yes","Yes",0,NA,"Bachelor","Marketing",NA,"Not STEM",3.9,4.667,3.667,3.667,4.667,4.167,4.167,2.833,3.833,3.667,4,"Control",7,4.333,5,10,5,3.667,1.667,2.333,2.667,2.5,4,2.8,NA,NA,23,1,2,2,4,3,"25th percentile",3,2,2
"65cb6c93a2b5419209db3f1f",467,"Woman","No","No","No",NA,"Yes","Associate","Behavioral Neuroscience","N/A","Not STEM",2.97,4,3.333,3,3.667,3.5,3.5,2,4,2.333,3,"Implicit",10,3.333,4,5,3,1.5,4,2,2.667,2.333,NA,NA,NA,NA,22,1,1,1,4,3,"10th percentile",3,3,3
"65cb72715efd7cd40fec44df",239,"Woman","Yes","Yes","No",NA,"Yes","Bachelor","Doctorate of Optometry","N/A","STEM",3.83,3.667,2.333,4.333,5,4,3.667,4.5,2.833,3.667,4,"Explicit",13,3.667,4.333,4,6,4,2.667,3.333,2.5,2.333,NA,NA,2.667,2.5,21,1,2,1,2,3,"50th percentile",2,1,2
"65cb7423c2fd2bb43b0aa84e",177,"Woman","Yes","Yes","No",NA,"Yes","HS/GED","Finance","N/A","Not STEM",3.7,4,2.333,4.667,3.667,4.333,3,4.5,3.5,5,5,"Explicit",7,4,5,7,5,3.667,2,5,2.167,1.833,NA,NA,3.5,3,18,1,2,2,3,3,"50th percentile",2,2,2
"65cb7ae1800d57cbac802342",255,"Woman","No","No","Yes",1,NA,"Bachelor","Supply chain and logistics technology; Psychology","N/A","STEM",3.49,5,3.667,5,5,5,4.333,1.833,4.333,3.667,5,"Control",9,3.667,3.333,10,10,4.5,2.333,3.333,2.667,2.5,4,4,NA,NA,24,1,2,1,5,3,"25th percentile",2,2,2
"65cb7ff9d7b5fd9b97cf35c8",468,"Woman","Yes","Yes","Yes",1,NA,"Doctorate","Liberal Arts","Chemistry","STEM",3.89,3.333,2.333,4,4,3.667,3.167,2.333,3.167,4,4,"Explicit",9,4,4,5,6,2.333,3,3.333,3,2.333,NA,NA,3.5,2.667,23,1,1,1,3,4,"25th percentile",3,3,2
"65cb85708518a954f8158de2",216,"Woman","No","Yes","No",NA,"Yes","HS/GED","Computer Engineering","n/a","STEM",3.73,3.333,3,4,4.667,3.667,3.833,3.833,2.833,2.333,3,"Implicit",12,3.333,3.333,5,10,2.667,2.667,2.333,2.333,2.5,NA,NA,NA,NA,21,1,1,1,2,4,"50th percentile",2,2,2
"65cb87707e7981c7adaf9d14",339,"Woman","No","No","No",NA,"Yes","HS/GED","graphic design","N/A","Not STEM",3.88,3.667,3.667,4,4.333,3.833,4,2.667,3.833,3.667,4,"Explicit",6,3.667,4,10,10,2,2,3.667,2.833,2.167,NA,NA,3,2.333,20,4,1,1,3,2,"50th percentile",3,2,2
"65cb934601f9b112fdd44f26",219,"Woman","No","Yes","Yes",0,NA,"HS/GED","Chemistry","Chinese, Neuroscience, Music","STEM",3.3,4.333,3,3.333,4.333,3.833,3.667,4.333,4.833,5,4.667,"Implicit",7,3.667,4.333,7,5,4,2.333,4.667,2.667,2.833,NA,NA,NA,NA,20,1,1,1,4,3,"50th percentile",3,3,3
"65cb938d60f5d003291e89ac",240,"Woman","Yes","Yes","No",NA,"Yes","Bachelor","Biology","Psychology","STEM",3.48,4,4,4,3.333,4,3.667,3.833,2.833,4.333,5,"Implicit",13,3.667,3.333,12,10,3.5,2.333,3.667,2.667,2.5,NA,NA,NA,NA,21,1,1,2,3,5,"50th percentile",3,3,2
"65cba09158b74649b3cd7505",186,"Woman","Yes","Yes","No",NA,"Yes","Bachelor","biology","Spanish, Medical Humanities & Culture","STEM",4,4.333,4,5,5,4.667,4.5,3.167,4.667,4,5,"Implicit",6,4.667,5,2,4,2.167,1.333,4,3,2.667,NA,NA,NA,NA,23,1,1,1,4,3,"25th percentile",2,1,1
"65cba5349f4e1e5dfbe80fe8",301,"Non-binary","No","Yes","No",NA,"Yes","HS/GED","Graphic Design",NA,"Not STEM",3.54,3.333,2.333,3.667,3.333,3.5,2.833,2.667,2.667,3.333,2.667,"Control",13,2.667,3.333,10,8,2.833,2.333,3,2,2.333,3.4,2.8,NA,NA,22,1,2,2,2,2,"25th percentile",1,1,1
"65cba86d7a1225e31f085d93",179,"Woman","No","Yes","Yes",1,NA,"HS/GED","health science","n/a","STEM",3.3,4,2.333,4.333,3.667,4.167,3,2.167,4,3,4,"Explicit",7,4,4,5,5,3.333,2.333,3.667,2.833,2.5,NA,NA,3.333,2.333,21,1,1,1,4,4,"25th percentile",2,1,1
"65cbab070b9dca9291cd7848",247,"Woman","Yes","Yes","Yes",0,NA,"HS/GED","Psychology",NA,"Not STEM",2,3.333,2.667,3.333,4,3.333,3.333,3.833,4.167,3.667,4,"Control",9,3,4,7,6,2.333,3.667,3.333,2.167,2.167,3.6,3,NA,NA,23,1,2,1,4,4,"50th percentile",3,2,2
"65cbac7bda544f05fb8fe69c",203,"Woman","Yes","Yes","Yes",4,NA,"HS/GED","politics, philosophy","N/A","Not STEM",3.67,4,3.667,3.333,2.667,3.667,3.167,1.5,4,2.333,2.333,"Explicit",13,3.333,3.667,3,3,2.167,3,2,1.833,2,NA,NA,2.667,2.333,19,1,2,2,3,3,"25th percentile",3,2,2
"65cbafcc41914131784e9357",225,"Woman","Yes","No","No",NA,"Yes","HS/GED","Business Economics","N/A","Not STEM",3.93,5,4.333,4.667,4,4.833,4.167,4.167,3.833,4.667,5,"Implicit",11,4.667,4.667,8,10,2.333,2.333,4.667,3,3.333,NA,NA,NA,NA,19,1,1,2,2,2,"25th percentile",2,1,1
"65cbb3d32c041c0246861728",188,"Woman","Yes","No","No",NA,"Yes","Bachelor","Majored in physics and chemistry in undergrad, currently in grad school for applied physics","In undergrad had a math minor","STEM",3.8,3,3,2.667,2.667,2.833,2.833,3.333,2.667,2.667,2,"Control",13,2.667,3,12,10,2.167,4,2,2.667,2.333,3,2.6,NA,NA,23,1,1,1,2,3,"50th percentile",2,1,1
"65cbbd44c0db5f5e848d0b20",218,"Woman","Yes","No","No",NA,"Yes","Bachelor","Public Health","Management","Not STEM",3.75,4.667,3,3.333,3,4,3,3.333,2.833,4,3.333,"Control",10,3,3,10,10,2.5,2.333,4,2.667,2.833,3.2,3,NA,NA,25,1,2,2,3,4,"50th percentile",2,1,2
"65cbc1d0a484bea2b24153c2",343,"Woman","Yes","Yes","No",NA,"Yes","Master","Sociology","None","Not STEM",3.92,2.667,2.667,2,3,2.333,2.833,3,4.167,2,1.667,"Control",7,1.667,2.667,10,5,2,2.667,2,1.833,1.833,2.8,2.2,NA,NA,24,1,1,2,2,2,"50th percentile",2,2,2
"65cbc27d67dbfe5c4a5e8dcc",214,"Woman","Yes","Yes","No",NA,"Yes","Bachelor","Political Science, Public Administration","French","Not STEM",3.81,3.333,4,4.667,4.667,4,4.333,4.667,3.833,4,4,"Control",13,3.667,4,12,10,2.5,3.333,3.667,2.5,2.333,3.4,2.4,NA,NA,26,1,2,2,2,2,"50th percentile",2,1,1
"65cbcaaab9e2fae86452af73",224,"Woman","No","No","No",NA,"Yes","HS/GED","Computer Information Systems","N/A","Not STEM",3.27,3.667,3,4,4,3.833,3.5,3.333,3.167,4.333,4.333,"Implicit",8,2.667,3,7,6,2.667,3,4,2.667,2.333,NA,NA,NA,NA,19,1,1,2,2,3,"25th percentile",2,2,2
"65cbdbc2d854fbc1b6c701e6",355,"Woman","Yes","Yes","Yes",16,NA,"Bachelor","Computer Science","N/A","STEM",3.71,4.667,3.333,3.333,2,4,2.667,4.833,4.5,2.333,4,"Implicit",11,3.333,3.667,10,5,2.333,2.333,2.333,2.333,2.333,NA,NA,NA,NA,22,1,2,1,2,3,"50th percentile",3,3,3
"65cbdfcbb1aedbf22034d8fd",410,"Woman","Yes","No","No",NA,"No","HS/GED","Nuclear medicine","N/A","STEM",3.98,3.333,3,3,3.333,3.167,3.167,3.833,3.667,2.333,4,"Control",11,3.333,2.667,6,7,2.333,2.333,2.333,2.333,2,2.8,2.8,NA,NA,20,1,1,1,4,4,"50th percentile",2,2,2
"65cbf2dac04ba503f9d77db1",267,"Woman","Yes","No","No",NA,"Yes","HS/GED","Studio Art for Transfer","not applicable","Not STEM",3.44,3.333,2,4,4.333,3.667,3.167,2.833,3,3.333,3.333,"Explicit",14,2,3,12,10,2.167,2.667,3.333,1.667,1.667,NA,NA,3.5,2.167,19,1,2,2,2,4,"50th percentile",2,2,2
"65cc503b2b3565cba17be791",228,"Woman","Yes","No","No",NA,"No","Bachelor","accounting, finance","none","Not STEM",3.41,3.333,2.667,4.333,5,3.833,3.833,4.667,1.667,4,4,"Explicit",9,5,4.333,6,3,2.5,2.667,3.333,2.333,2.167,NA,NA,3.833,3.833,22,1,1,1,3,5,"25th percentile",3,3,3
"65ccf5c22a3ceca2b3cf14e9",225,"Woman","No","No","Yes",NA,NA,"Bachelor","Biology","N/A","STEM",3.84,4,2,4.667,4,4.333,3,4.833,4.167,5,4,"Implicit",12,3.333,3.667,10,8,4,3.667,5,2.5,2.667,NA,NA,NA,NA,22,1,2,1,3,2,"50th percentile",2,1,1
"65cd317ff963d201475b79d1",176,"Woman","Yes","Yes","Yes",11,NA,"Bachelor","Health Science","Psychology and Chemistry","STEM",3.89,4,2.667,4,3.667,4,3.167,2.5,3.5,5,5,"Implicit",10,4,4,7,7,2.833,3.667,5,2.333,2.5,NA,NA,NA,NA,22,1,2,2,3,5,"50th percentile",2,2,2
"65cd3717fdc5825241e04da4",176,"Woman","No","No","No",NA,"Yes","HS/GED","Human Biology","Buisness","STEM",3.9,3,2.333,4,4,3.5,3.167,3.667,3.167,3,3,"Explicit",15,4,4,5,5,2.667,2.667,3,2,2,NA,NA,2.5,2.5,18,1,2,2,2,4,"50th percentile",3,2,2
"65ce4d74274700a537cc560c",187,"Woman","Yes","No","No",NA,"Yes","Bachelor","Law","N/A","Not STEM",2.9,2,3,4,4,3,3.5,1.667,4,4,4,"Explicit",10,3.333,4.333,3,3,2.667,3.333,4.667,2.167,2,NA,NA,3.667,2.833,24,1,1,1,3,4,"10th percentile",2,2,2
"65ce5d8d0219b79ced7729cd",261,"Woman","Yes","Yes","No",NA,"Yes","HS/GED","Computer Science","N/A","STEM",3.6,3.333,2.333,3.667,2.333,3.5,2.333,3.833,2.333,2.333,2,"Control",8,4,3,12,10,2.833,2.333,2.333,3,2.833,3,3,NA,NA,19,1,2,2,3,4,"50th percentile",2,2,3
"65ce74fc3eef719d72d56ae9",279,"Woman","No","No","No",NA,"Yes","Associate","Electrical Engineering","N/A","STEM",3.33,5,2.333,3.333,4.333,4.167,3.333,4.5,2.167,1,1,"Implicit",15,3.333,4.667,2,3,1.333,2.333,1,2.833,2.667,NA,NA,NA,NA,25,1,2,1,3,5,"50th percentile",1,1,2
"65cebd463eef719d72d57a90",200,"Woman","Yes","Yes","No",NA,"Yes","Bachelor","Business Administration","Marketing and Management Information Systems","STEM",3.92,3.333,3.667,5,5,4.167,4.333,4.167,4.333,3,5,"Control",5,4.333,5,5,3,4,2.667,4,2.167,2,5,3,NA,NA,21,1,1,1,4,3,"25th percentile",1,1,1
"65cefa3bddb7be095ddde1af",249,"Woman","Yes","No","No",NA,"No","Associate","Computer Science","N/A","STEM",3.5,3.667,4.333,3.333,4,3.5,4.167,3.5,3.833,2.333,2,"Explicit",8,3.667,4,10,10,2.667,3.333,1,2.667,2.667,NA,NA,3.667,2.667,21,4,1,2,3,3,"25th percentile",2,1,1
"65cfe5f97c0ea4d16a306e77",233,"Woman","Yes","No","No",NA,"Yes","HS/GED","Pharmaceutical Chemistry","Biomedical Engineering","STEM",4,4.333,4,5,5,4.667,4.5,3.667,3.667,3.667,4,"Explicit",12,5,5,13,10,3.333,2,3.333,2.667,2.5,NA,NA,3.5,3.167,18,1,1,1,4,2,"50th percentile",1,1,1
"65cfe9b23cb896bff6ca420b",175,"Woman","Yes","Yes","Yes",2,NA,"Bachelor","Mechanical Engineering","n/a","STEM",4,4.667,2,2.333,2,3.5,2,4.5,4.5,3,3,"Control",12,1.667,2,12,10,1.667,4,3,2,2,2,1.8,NA,NA,22,1,2,1,2,5,"50th percentile",2,1,1
"65d0fd191404636f46971776",192,"Woman","Yes","No","No",NA,"Yes","HS/GED","Undecided.",NA,"Not STEM",3.64,3.667,2.667,3.667,3.333,3.667,3,2.667,4.5,3,3.333,"Control",13,3.333,3.333,12,12,2.667,3.333,2.667,3.167,2.167,4,3.2,NA,NA,19,4,2,1,2,4,"75th percentile",3,2,1
"65d3ab06b782a47dfe23d572",212,"Woman","No","Yes","Yes",1,NA,"HS/GED","double major finance and marketing","n/a","Not STEM",4,3,3.333,4.333,4.667,3.667,4,4.167,3.833,4.333,4.333,"Explicit",5,3,3.333,5,5,3.833,3.333,4.667,2,2,NA,NA,4,3,18,1,1,2,4,2,"25th percentile",2,1,1
"65d509e9ef40f8b8cbf93834",196,"Woman","Yes","No","No",NA,"Yes","Master","psychology","n/a","Not STEM",3.86,4,4,4,4,4,4,4.167,3,4,4,"Control",13,4,4,10,6,3.667,3.333,4,2.667,2.667,4,3.6,NA,NA,26,1,2,1,4,4,"25th percentile",3,1,1
"65d50a06744dd0c01b038547",221,"Woman","No","Yes","Yes",7,NA,"HS/GED","Physiology","East Asian Studies","STEM",4,5,4.667,4.667,4.333,4.833,4.5,4.833,3.167,5,4.333,"Implicit",9,4.333,4.333,6,3,2.667,3.333,4.667,3,3.167,NA,NA,NA,NA,22,2,2,1,5,5,"25th percentile",3,1,1
"65d515989a6328b0ad497f36",312,"Woman","Yes","No","No",NA,"Yes","HS/GED","Human Development and Family Science","n/a","STEM",4,3.333,2.667,5,4.333,4.167,3.5,4.333,3.833,3.333,4,"Implicit",6,4,4.333,8,5,3.667,3.333,3.333,3,2.833,NA,NA,NA,NA,19,1,2,1,3,4,"50th percentile",2,1,1
"65d51baa9930b7a969cca0f7",200,"Woman","Yes","No","No",NA,"No","HS/GED","Economics","Accounting","Not STEM",3.22,3,3,3.333,4,3.167,3.5,3.333,3.167,3.333,3.333,"Control",5,3,3.667,10,12,2.667,1.333,2.333,2.667,2.5,3.4,3,NA,NA,21,1,2,2,3,5,"75th percentile",2,2,2
"65d5207c5a28986aba880a4c",193,"Woman","No","No","No",NA,"No","HS/GED","Business real estate","N/A","Not STEM",3.72,4,2.667,4,4,4,3.333,2.5,3,4,3,"Implicit",7,5,4.333,8,8,3.333,3,4,2.833,2.667,NA,NA,NA,NA,19,1,1,1,2,4,"50th percentile",3,2,2
"65d57f93dddf2f37836d548a",330,"Woman","Yes","No","Yes",1,NA,"Master","Psychology","English","Not STEM",3.95,4.667,3.333,4.667,4.667,4.667,4,2.5,4.667,3.333,4.333,"Implicit",14,4.667,4.333,9,6,2.667,2.333,1.667,2.667,1.667,NA,NA,NA,NA,25,1,2,1,3,4,"25th percentile",3,1,2
"65d586699088ec8e476ad029",268,"Woman","Yes","Yes","No",NA,"Yes","HS/GED","Biological Sciences","None","STEM",3.81,3.667,1.667,5,2,4.333,1.833,3.5,3.167,4,4,"Explicit",12,5,4,4,6,4,3,4,2.667,2.5,NA,NA,4,2.333,18,1,2,2,3,3,"50th percentile",3,3,2
"65d7b446ca577d62cd087569",218,"Woman","Yes","No","No",NA,"Yes","Bachelor","Biological studies","Environmental science","STEM",3.67,3,2.667,2.667,3.667,2.833,3.167,3.167,4,3.667,4,"Control",10,2.333,3,6,4,3.167,3,4,1.667,2,3.4,2.8,NA,NA,24,1,2,2,3,4,"25th percentile",2,2,2
"65d7e892ede5cc787cc474cb",291,"Woman","Yes","Yes","No",NA,"Yes","Master","bipsychology/neuroscinece ; human-computer interaction","entrepreneurship","STEM",4,2.667,2.333,4.333,3.333,3.5,2.833,2.333,4.333,5,3.667,"Control",7,4.333,5,8,7,4.5,1.333,5,2,1.5,2.8,2.8,NA,NA,23,1,2,1,3,2,"25th percentile",2,1,2
"65d93a94cd143c174c7c3013",375,"Woman","Yes","Yes","No",NA,"Yes","Bachelor","Medical Science","n./a","Not STEM",4,4,4.667,5,5,4.5,4.833,4.333,3.5,3.333,3.667,"Control",8,5,5,2,7,3.833,1.333,3.333,2.667,2.333,2.6,3,NA,NA,21,1,1,1,2,3,"25th percentile",1,1,1
"65dbb48f0c3d6ca98c837ba6",296,"Non-binary","Yes","No","No",NA,"No","HS/GED","Wildlife, fish, and conservation","none","STEM",3.8,4,2.667,3,2.667,3.5,2.667,2.5,3,3,2.667,"Explicit",10,3.667,3,9,9,2.5,2.667,2.667,2.167,2.167,NA,NA,3.167,1.833,18,1,2,2,2,4,"50th percentile",2,1,2
"65dd3e88b21f223565a33e7a",184,"Man","Yes","No","No",NA,"Yes","HS/GED","Computer Engineering","None","STEM",2.75,3,4.333,3,4,3,4.167,3.833,3.833,2.667,3,"Explicit",12,2.333,4,14,6,3.333,2.667,3,2,1.833,NA,NA,3.667,2,20,1,1,1,4,3,"25th percentile",3,2,2
"65e005d7bad0f1aa8f2ec0f9",167,"Man","Yes","Yes","Yes",2,NA,"Bachelor","Economics + Computer Science","Philosophy","STEM",3.5,3.667,4,3.333,4,3.5,4,4.833,3.833,3.333,3.333,"Control",9,3.667,4,13,13,2.167,2,3,2.667,2.167,2.2,2.6,NA,NA,19,1,1,1,2,4,"75th percentile",4,3,3
"65e15fd24b872be094cb697e",304,"Man","No","No","No",NA,"Yes","Bachelor","Biochemistry and molecular biology","Spanish","STEM",3.98,4,2.667,4,3,4,2.833,5,4,5,1.667,"Implicit",7,2.667,2.667,4,4,2.333,2.333,3,1.667,1.667,NA,NA,NA,NA,22,1,1,1,2,1,"25th percentile",2,2,2
"65e6240717a286c6ea84ea5f",190,"Man","Yes","No","No",NA,"No","HS/GED","Kinesiology","n/a","STEM",3.75,3,3.333,4,4,3.5,3.667,2.333,2.167,3,3.333,"Implicit",13,2.333,4,10,10,3.5,3.667,4,2.833,3,NA,NA,NA,NA,19,1,1,1,3,4,"75th percentile",3,3,3
"65e63b7fc845c96c2c2520bc",223,"Man","Yes","Yes","Yes",9,NA,"Bachelor","Management Information Systems","None","STEM",3.75,3.667,3.667,3,3,3.333,3.333,4,4.333,3,3,"Implicit",9,3.333,3,10,9,2.833,2,3,2.833,3,NA,NA,NA,NA,22,1,1,1,3,3,"50th percentile",3,2,2
"65e7268999edcabd9a220240",227,"Non-binary","Yes","Yes","No",NA,"No","HS/GED","Psychology","N/A","Not STEM",2,5,4.667,4.667,4,4.833,4.333,4.167,3.667,2,2.333,"Explicit",14,3.667,3.333,6,7,2.333,3.667,2,2.833,2,NA,NA,3.333,2.5,21,1,2,1,3,5,"25th percentile",3,2,2
"65eabc627ddf9221f8e12b85",332,"Woman","Yes","Yes","Yes",23,NA,"Associate","Business","None","Not STEM",4,4,1.667,4.333,2.667,4.167,2.167,3.333,3.5,2.333,2,"Explicit",4,3.333,2,5,5,1.667,2.667,2.333,2.833,2.5,NA,NA,3.333,2.5,33,1,1,1,2,2,"50th percentile",2,1,1
"65f91231e10260ce66c137fe",236,"Woman","No","No","No",NA,"Yes","Bachelor","Music Therapy","Applied Psychology","Not STEM",4,4.333,2.333,2.667,2,3.5,2.167,2.667,3.667,3.333,2.667,"Implicit",8,2,1.667,5,3,1.833,3,2.667,1.833,1.333,NA,NA,NA,NA,24,1,1,2,4,3,"25th percentile",3,1,1
"660853b2258943764a2a365b",225,"Man","No","Yes","No",NA,"Yes","Associate","Graphic Design","N/A","Not STEM",3.35,3,4,2,3,2.5,3.5,2.833,2.167,2.333,2.333,"Control",9,2.667,2.333,3,5,1.833,3,2.333,2.667,2.333,2.2,2.8,NA,NA,24,1,1,1,3,5,"50th percentile",4,2,2
"66088c59814ba8c63957669b",163,"Man","Yes","Yes","No",NA,"Yes","Bachelor","Political Science","Applied Mathematics and Statistics","Not STEM",3.72,4.667,4,4.333,4.333,4.5,4.167,4,4.833,2.667,1.333,"Explicit",9,4.333,5,5,5,2.167,1.667,2.333,2.833,2.5,NA,NA,3.5,2.5,20,2,1,1,3,1,"25th percentile",1,1,1
"6608b738fefbe5050e02af04",142,"Man","Yes","No","No",NA,"Yes","Bachelor","economics","n/a","STEM",3,5,3.333,5,3.667,5,3.5,5,3.667,2,3,"Implicit",9,5,5,8,8,2.833,2.333,1.333,2.667,2.833,NA,NA,NA,NA,28,1,1,1,2,4,"75th percentile",4,4,4
"660ce8118af7c468fd0f996b",256,"Woman","Yes","Yes","No",NA,"Yes","HS/GED","Aerospace/ Aviation","Computer Science","STEM",3.7,4,3.667,4,2.667,4,3.167,3.5,3.667,2.667,2,"Implicit",8,4,4,2,3,3.333,3,2.333,2.5,2.167,NA,NA,NA,NA,20,2,1,1,2,3,"25th percentile",4,4,4
"6616d254fa6776470f26693a",330,"Woman","No","No","Yes",1994,NA,"Master","Engineering","Health","STEM",4,4.667,2.667,4.667,3.333,4.667,3,5,4.833,4,4,"Control",7,4,5,10,8,4.667,3.667,4.667,3.833,4,4.8,4.8,NA,NA,29,1,1,1,3,4,"75th percentile",4,4,4
"6626a78322f31d730ded2130",202,"Woman","Yes","Yes","Yes",18,NA,"Bachelor","Political Science, Urban Studies","Religious Studies","Not STEM",4,4,4.667,5,5,4.5,4.833,3.333,4,1.333,4,"Implicit",9,4,4,7,4,3,2.333,1.667,2.167,2.167,NA,NA,NA,NA,24,1,1,2,3,4,"50th percentile",3,2,2
"662f9a14c5c60b3f545f1f79",307,"Woman","No","Yes","Yes",5,NA,"HS/GED","Information Technology","Cybersecurity","STEM",3.22,3.667,1.333,3,2.667,3.333,2,4,3.667,2.333,3,"Control",9,3,3.333,10,8,3.5,2.667,2.333,2.667,2.333,2.6,2.2,NA,NA,23,1,2,2,2,3,"25th percentile",3,2,2
"662ffd1137502b28471c6f35",328,"Man","Yes","No","No",NA,"Yes","HS/GED","Accounting","Not applicable","Not STEM",2.9,2,2,1,1,1.5,1.5,4.667,1.833,1.667,1,"Explicit",6,1,1,4,2,2.833,3.667,1.333,2,1.833,NA,NA,3.667,2.5,19,1,1,2,3,4,"10th percentile",2,1,1
"6630f618f66e307e78fc37d3",247,"Man","Yes","Yes","No",NA,"Yes","HS/GED","Electrical Engineering","N/A","STEM",2.9,2.667,2.333,2.667,3.333,2.667,2.833,4,3.5,2.667,3,"Explicit",13,2.333,3,7,6,2.333,2.333,2,2,1.833,NA,NA,3.667,2.833,20,1,1,1,2,4,"50th percentile",2,2,2
"66318e4e73a797589e6cb745",243,"Woman","No","Yes","No",NA,"Yes","Bachelor","English/Psychology","N/A","Not STEM",4,4.333,4.333,4,4,4.167,4.167,2.167,4.667,4,4.333,"Implicit",12,3.333,4,5,3,4,4,4,3,2.833,NA,NA,NA,NA,30,1,1,1,4,5,"25th percentile",3,3,2
"6633a56b4295b8d6db0fc3c3",248,"Man","Yes","Yes","No",NA,"Yes","Master","Medical Student","N/A","Not STEM",4,5,4.667,5,5,5,4.833,4.167,4,1.667,1,"Control",14,5,5,12,10,2.333,2.333,1.333,2.333,2,3.2,4,NA,NA,30,2,1,2,2,2,"50th percentile",3,2,2
"6633e268ec8acacf2fa1cfbb",795,"Man","Yes","Yes","No",NA,"Yes","Associate","A.A transfer, currently nearing completion of my BSW (Social Work).","N/A","Not STEM",3.9,4.667,4.667,4.333,4.667,4.5,4.667,1.5,4.333,3,4.667,"Implicit",8,4.333,4.667,7,7,3,2,2.667,2.667,2.333,NA,NA,NA,NA,29,1,1,1,3,4,"25th percentile",2,2,1
"6636562df54f0f1dd32dc3b7",276,"Woman","Yes","Yes","Yes",2,NA,"HS/GED","New Media and Digital Design","N/A","Not STEM",2.3,5,3,3,2.333,4,2.667,1.333,4.167,2.667,3.667,"Control",6,1.667,2,15,5,4,3,3.667,2.5,1.833,3.4,3,NA,NA,20,1,2,2,2,3,"50th percentile",2,2,1
"663a4fff5643fe5aa830ed85",411,"Man","No","Yes","No",NA,"Yes","HS/GED","Marketing","n/a","Not STEM",2.52,2,1.667,2.333,4,2.167,2.833,1.333,3.333,3.333,2.333,"Explicit",6,3.667,3.667,10,6,3.333,4.667,4,2.167,2,NA,NA,3.667,2.833,18,2,1,2,3,4,"25th percentile",3,2,3
"663a97f67384957d9d8f385c",443,"Woman","No","Yes","Yes",22,NA,"Bachelor","Graphic Design","N/A","Not STEM",3.15,4.667,4,4.333,4.667,4.5,4.333,1.667,3,4,3.333,"Control",9,4,4.667,10,10,2.667,2.667,3.333,2.667,2.667,4,3.6,NA,NA,39,1,1,1,3,4,"50th percentile",3,3,2
"663ac66a7bde93c27976c6eb",261,"Non-binary","No","Yes","No",NA,"Yes","Master","Counseling Psychology","N/A","Not STEM",4,4.667,4,4.333,4,4.5,4,3.167,3.833,4.333,4,"Control",10,4.333,4,8,6,4,3.667,4,2.667,2.667,2.8,2.8,NA,NA,29,1,1,1,2,2,"25th percentile",1,1,1
"663ad56043fe3dec6ceffacd",367,"Woman","Yes","Yes","No",NA,"Yes","Bachelor","Microbiology","None","STEM",3.87,4.333,2.333,3.333,2,3.833,2.167,4.667,3.167,5,4,"Control",9,3,2.667,6,5,4,2.667,4.667,3,2.833,3,2.8,NA,NA,24,2,2,1,3,4,"25th percentile",2,1,1
"663ba5d47422800045733036",200,"Woman","Yes","Yes","No",NA,"Yes","Bachelor","Neuroscience","n/a","STEM",4,4,2.667,5,4.333,4.5,3.5,4.833,4.333,4,4.333,"Implicit",15,5,4.667,10,12,3,1.667,3.667,3,2.667,NA,NA,NA,NA,21,1,1,1,3,5,"75th percentile",3,3,2
"663e2edf6a7c9ca5acb9e968",188,"Woman","Yes","No","No",NA,"Yes","HS/GED","Physics","N/A","STEM",3.97,3,2.667,4,4,3.5,3.333,4.5,3,3,2,"Explicit",14,3.333,4,9,10,3.333,2.333,2,2.667,2,NA,NA,3.5,2.167,21,1,1,1,3,3,"50th percentile",2,2,3
"663e4dc34e8e3add36082e13",173,"Man","Yes","Yes","No",NA,"No","HS/GED","Computer Science","None","STEM",4,4.333,2,5,3.667,4.667,2.833,4.333,4.5,4.667,3.333,"Implicit",7,5,4.333,7,7,2.5,3,5,3,3,NA,NA,NA,NA,19,4,1,1,2,5,"50th percentile",1,1,1
"664522bee2bdc9ec8b32ce64",299,"Man","Yes","Yes","No",NA,"Yes","HS/GED","Computer Science","N/A","STEM",3.92,3,2.333,4,4.333,3.5,3.333,3.333,2.5,3.667,3.667,"Control",15,3.667,4,10,9,3.167,3,4,2.333,2.5,3,2.4,NA,NA,18,1,1,1,4,3,"50th percentile",3,3,3
"66508848ae8517d428150c62",189,"Man","Yes","Yes","Yes",1,NA,"Associate","Computer Science","N/A","STEM",2.99,3,3.333,3,3,3,3.167,4.167,3,2,2.667,"Control",7,3.667,3,4,5,1.5,2.333,2,2.5,2,2.4,2.2,NA,NA,22,1,2,2,1,2,"25th percentile",2,1,1
