"Condition","Score","Age","Pre_Expectation","Post_Expectation","Comparison","Control_common_1","Control_common_2","Control_common_3","Control_common_4","Control_common_5","Control_true_1","Control_true_2","Control_true_3","Control_true_4","Control_true_5","FamilyLanguage","OtherLanguage","LanguageatHome","LanguageonCampus","StudentOrg","NumGenerations","Blatant_common_1","Blatant_common_2","Blatant_common_3","Blatant_common_4","Blatant_common_5","Blatant_common_6","Blatant_true_1","Blatant_true_2","Blatant_true_3","Blatant_true_4","Blatant_true_5","Blatant_true_6","STAI_1...54","STAI_2...55","STAI_3...56","STAI_4...57","STAI_5...58","STAI_6...59","Approach2","Approach1","Avoidance3","Approach3","Avoidance2","Avoidance1","mc_task","mc_mathability","mc_diagnostic","STAI_1...170","STAI_2...171","STAI_3...172","STAI_4...173","STAI_5...174","STAI_6...175","task_stressful","Pressure","task_opinion","Math_abilities1","Math_abilities2","RIT1","RIT2","RIT3","RIT4","RIT5","RIT6","B1","B2","B3_Reverse","Centrality1","Centrality2","Centrality3","Duration (in seconds)","Feedback","Purpose","ProlificID","Control_common","Control_true","Blatant_common","Blatant_true","STAI_pre","AGQ_approach","AGQ_avoidance","STAI_post","RIT","Belonging","Centrality"
"Control",7,26,6,5,"25th percentile",4,5,2,4,3,3,2,3,3,3,NA,NA,NA,NA,NA,NA,NA,NA,NA,NA,NA,NA,NA,NA,NA,NA,NA,NA,2,5,3,2,2,5,4,3,4,2,4,4,1,1,1,2,4,3,2,2,5,4,2,1,1,1,5,2,2,4,3,3,2,1,2,4,4,4,950,NA,"To understand how participants see their intelligence both individually and as part of their racial group.","5f18610a63c761000bf6a39a",3.6,2.8,NA,NA,3.167,3,4,3,3.167,1.667,4
"Explicit",11,32,5,5,"25th percentile",NA,NA,NA,NA,NA,NA,NA,NA,NA,NA,NA,NA,NA,NA,NA,NA,4,5,2,5,4,5,4,2,1,5,3,3,1,5,4,1,2,5,5,5,5,4,5,5,1,1,1,2,5,4,1,1,5,4,4,2,1,2,5,2,3,2,4,4,3,2,2,4,5,5,2445,"The overall experience was positive.","Why we think and behave in the way that we do.","5f74fd83ed11b81620baf105",NA,NA,4.167,3,3,4.667,5,3,3.333,2.333,4.667
"Explicit",7,18,7,5,"50th percentile",NA,NA,NA,NA,NA,NA,NA,NA,NA,NA,NA,NA,NA,NA,NA,NA,2,3,4,4,3,5,3,3,2,3,3,4,4,1,1,3,3,1,4,4,5,4,5,5,1,2,2,2,2,1,2,3,1,3,3,2,2,2,3,4,4,3,4,4,2,3,1,5,5,5,402,NA,"to see how people think about their own skills after doing the activity.","65cb7423c2fd2bb43b0aa84e",NA,NA,3.5,3,2.167,4,5,1.833,3.667,2,5
"Implicit",13,23,9,10,"50th percentile",NA,NA,NA,NA,NA,NA,NA,NA,NA,NA,"Gujarati","Spanish",NA,NA,2,1,NA,NA,NA,NA,NA,NA,NA,NA,NA,NA,NA,NA,4,1,1,3,3,1,3,3,3,3,3,3,1,1,1,3,2,1,3,3,1,3,4,3,3,3,3,2,2,4,2,2,2,2,2,3,3,3,956,NA,"measure how stressed people get","6560ca7bb947c4f10cf53c36",NA,NA,NA,NA,2.167,3,3,2.167,2.5,2,3
"Control",10,25,10,10,"50th percentile",2,3,3,4,4,2,3,3,4,3,NA,NA,NA,NA,NA,NA,NA,NA,NA,NA,NA,NA,NA,NA,NA,NA,NA,NA,3,3,2,2,3,3,3,3,3,3,3,3,1,2,2,3,3,2,3,3,3,3,4,2,1,2,3,2,2,4,3,1,2,1,4,4,4,4,616,"My only comment to add is that during the spatial testing, the red light indication when moving onto the next question made me mildly panic because I thought I got the answers wrong","To compare the scores between students in different learning levels","65cbbd44c0db5f5e848d0b20",3.2,3,NA,NA,2.667,3,3,2.833,2.5,2.333,4
"Explicit",11,23,9,8,"50th percentile",NA,NA,NA,NA,NA,NA,NA,NA,NA,NA,NA,NA,NA,NA,NA,NA,4,3,1,1,4,4,4,3,4,2,5,5,5,1,1,4,1,1,4,4,4,5,3,4,1,2,2,3,2,2,3,2,2,3,2,2,1,1,4,4,3,3,4,4,3,4,3,5,5,4,677,"THe survey was easy to follow. No technical difficulties.","Correlation between spatial rotation and mathematical abilities.","5f888877136ad50208b48b47",NA,NA,2.833,3.833,2.167,4.333,3.667,2.333,3.667,3.333,4.667
"Implicit",7,22,4,4,"25th percentile",NA,NA,NA,NA,NA,NA,NA,NA,NA,NA,"Mandarin","Mandarin, Spanish","Mandarin","10",1,1,NA,NA,NA,NA,NA,NA,NA,NA,NA,NA,NA,NA,2,1,1,2,3,1,3,2,2,3,3,3,1,1,1,2,2,1,2,2,1,2,1,2,2,2,2,2,2,3,3,2,2,2,3,3,3,3,782,"n/a","Mentality one has towards academic and their social identity","65e15fd24b872be094cb697e",NA,NA,NA,NA,1.667,2.667,2.667,1.667,2.333,2.333,3
"Control",7,48,7,8,"50th percentile",3,1,3,1,3,3,3,3,3,3,NA,NA,NA,NA,NA,NA,NA,NA,NA,NA,NA,NA,NA,NA,NA,NA,NA,NA,3,4,4,3,2,2,2,2,1,1,1,1,1,1,1,2,4,1,3,1,1,2,3,2,1,1,1,1,1,1,3,1,2,1,4,2,1,1,880,"I completed the survey smoothly and experienced no technical error","How people change their mood on university social expectations","60e36d56350e661cf50f2c7e",2.2,3,NA,NA,3,1.667,1,2,1.333,2.333,1.333
"Explicit",6,20,10,10,"50th percentile",NA,NA,NA,NA,NA,NA,NA,NA,NA,NA,NA,NA,NA,NA,NA,NA,3,1,4,2,3,5,3,1,1,3,4,2,4,2,1,4,4,2,4,4,4,3,4,4,4,1,1,3,2,1,2,2,3,3,2,3,2,2,3,1,2,3,1,2,2,2,2,4,3,4,649,NA,"To see if spatial recognition correlates with mathematical skill.","65cb87707e7981c7adaf9d14",NA,NA,3,2.333,2.833,3.667,4,2.167,2,2,3.667
"Control",13,22,10,8,"25th percentile",4,4,3,3,3,4,3,2,2,3,NA,NA,NA,NA,NA,NA,NA,NA,NA,NA,NA,NA,NA,NA,NA,NA,NA,NA,3,2,1,2,3,1,3,3,4,2,3,3,1,2,2,3,3,2,2,2,2,2,2,1,1,1,4,2,3,3,2,3,2,2,3,3,3,3,679,"I think having a little bit more of practice would've help as I was still getting the gist of what I was doing during the spacial test","Gauge students perception on selves after taking a test","65cba5349f4e1e5dfbe80fe8",3.4,2.8,NA,NA,2,2.667,3.333,2.333,2.833,2.333,3
"Implicit",15,25,2,3,"50th percentile",NA,NA,NA,NA,NA,NA,NA,NA,NA,NA,"Tagalog","None",NA,NA,2,2,NA,NA,NA,NA,NA,NA,NA,NA,NA,NA,NA,NA,3,3,1,3,4,3,4,4,5,2,5,4,1,2,1,2,3,1,3,4,3,3,5,1,1,2,3,1,1,1,1,1,1,1,5,1,1,1,760,"Thank you for letting me participate. It was interesting! I thought I did worse but am shocked that I got all right. I didn't think that spatial reasoning had anything to do with math, but maybe because I major in engineering it had something to do with it. Again, thank you for the interesting study!","To see how perceptions of racial identity correlate with pressure to do well in school.","65ce74fc3eef719d72d56ae9",NA,NA,NA,NA,2.833,3.333,4.667,2.667,1.333,2.333,1
"Explicit",6,23,2,0,"25th percentile",NA,NA,NA,NA,NA,NA,NA,NA,NA,NA,NA,NA,NA,NA,NA,NA,2,1,1,1,2,2,2,1,1,1,2,2,4,2,1,4,3,1,3,3,4,2,4,4,1,2,2,1,3,3,1,1,3,4,1,2,2,2,4,4,4,2,4,3,4,4,5,1,1,1,683,"I don't feel good about this task.","Perception of task on one's abilities and confidence","5f2946965de083000aff1444",NA,NA,1.5,1.5,2.5,2.667,4,2,3.5,4.333,1
"Explicit",12,23,8,7,"50th percentile",NA,NA,NA,NA,NA,NA,NA,NA,NA,NA,NA,NA,NA,NA,NA,NA,4,4,3,3,4,3,4,4,2,2,3,3,4,2,1,4,4,2,5,4,3,4,3,3,1,1,1,4,2,1,4,3,2,3,5,3,2,2,4,4,2,4,3,3,3,3,2,5,4,4,537,"the test said it gives 8 seconds to do each trial, but realiztically, the video was 8 seconds but the image flashed for only a good 3-4 seconds, which made it more difficult (not enough time to process? or was this the intention)","math ability/academic ability and correlation with the trials","600a42166b660c1943cc2a91",NA,NA,3.5,3,2.833,4.333,3,2.667,3.333,2.667,4.333
"Implicit",6,23,2,4,"25th percentile",NA,NA,NA,NA,NA,NA,NA,NA,NA,NA,"Vietnamese","Vietnamese, Spanish","Vietnamese",NA,1,1,NA,NA,NA,NA,NA,NA,NA,NA,NA,NA,NA,NA,5,1,1,5,5,1,5,5,5,4,5,5,1,1,1,3,2,2,3,3,3,4,3,2,1,1,5,1,1,4,1,1,1,1,2,4,4,4,634,NA,"How pressure affects performance","65cba09158b74649b3cd7505",NA,NA,NA,NA,3,4.667,5,2.667,2.167,1.333,4
"Implicit",15,28,10,12,"75th percentile",NA,NA,NA,NA,NA,NA,NA,NA,NA,NA,"Mandarin, Taiwanese","Mandarin, Spanish","Mandarin",NA,2,1,NA,NA,NA,NA,NA,NA,NA,NA,NA,NA,NA,NA,4,2,1,4,3,1,4,3,3,3,4,4,1,1,1,2,3,3,3,3,2,3,3,2,3,2,3,4,4,4,5,4,3,4,1,5,4,4,484,"N/A","Analyzing people's confidence in their ability in a specific task","62b10d376cda94ec0cd6c1e3",NA,NA,NA,NA,2.5,3.333,3.667,2.667,4,2.667,4.333
"Control",8,21,2,7,"25th percentile",2,2,3,3,3,3,3,3,3,3,NA,NA,NA,NA,NA,NA,NA,NA,NA,NA,NA,NA,NA,NA,NA,NA,NA,NA,3,3,1,4,3,2,5,5,5,5,5,5,1,1,1,3,2,1,4,3,1,2,3,1,1,1,3,5,1,4,5,5,2,1,1,4,3,3,553,"n/a","To measure spatial awareness","65d93a94cd143c174c7c3013",2.6,3,NA,NA,2.667,5,5,2.333,3.833,1.333,3.333
"Implicit",14,21,5,8,"50th percentile",NA,NA,NA,NA,NA,NA,NA,NA,NA,NA,"Vietnamese","Vietnamese","Vietnamese",NA,2,1,NA,NA,NA,NA,NA,NA,NA,NA,NA,NA,NA,NA,2,2,3,2,2,4,3,3,4,3,4,4,1,1,1,2,4,2,2,2,3,4,5,1,1,1,2,3,2,3,2,3,2,1,5,2,3,3,632,NA,"Stress study in relation to race","65cb5e5ada0320fa4478a9f6",NA,NA,NA,NA,2.5,3,4,2.5,2.5,2.667,2.667
"Control",11,34,7,5,"25th percentile",5,5,5,3,5,3,3,4,3,4,NA,NA,NA,NA,NA,NA,NA,NA,NA,NA,NA,NA,NA,NA,NA,NA,NA,NA,3,2,1,3,1,2,3,3,3,2,3,3,1,1,1,2,3,2,2,1,3,3,5,2,2,2,3,2,2,2,3,3,1,1,2,2,2,2,645,"N/A","I think the purpose of this study was to see how people perceive the task at hand and whether or not they show confidence in their abilities.","627986ad0b4e17430bd23d80",4.6,3.4,NA,NA,2,2.667,3,2.167,2.5,1.333,2
"Explicit",6,26,10,10,"50th percentile",NA,NA,NA,NA,NA,NA,NA,NA,NA,NA,NA,NA,NA,NA,NA,NA,4,3,2,3,3,4,4,2,2,3,3,3,5,1,1,5,5,1,4,4,4,4,4,4,1,1,1,5,1,1,5,5,1,3,4,4,3,2,1,1,1,3,2,2,1,1,2,3,3,3,577,"The survey functioned properly without any problems.","Academic performance based on self-perception of race.","5f88fc9a4157a110c725e6f5",NA,NA,3.167,2.833,3,4,4,3,1.667,1.333,3
"Implicit",12,21,5,10,"50th percentile",NA,NA,NA,NA,NA,NA,NA,NA,NA,NA,"Mandarin","Mandarin","Mandarin","20",1,1,NA,NA,NA,NA,NA,NA,NA,NA,NA,NA,NA,NA,4,1,1,3,3,2,3,4,4,3,3,3,1,1,1,4,2,1,3,4,1,2,4,2,2,2,2,1,2,3,4,4,2,2,4,2,3,2,528,NA,"To determine the relationship between spatial cognitive awareness and one's knowledge of math.","65cb85708518a954f8158de2",NA,NA,NA,NA,2.333,3.333,3.333,2.5,2.667,2.667,2.333
"Explicit",13,26,3,6,"50th percentile",NA,NA,NA,NA,NA,NA,NA,NA,NA,NA,NA,NA,NA,NA,NA,NA,4,4,2,3,2,4,3,3,1,2,1,3,3,2,1,3,3,2,4,4,4,3,4,4,1,1,1,3,3,2,2,2,2,3,3,3,2,2,4,2,2,2,3,3,4,4,2,4,4,4,560,"n/a","self perception, race, math","5fc5612f227abc098a7f5b0c",NA,NA,3.167,2.167,2.333,3.667,4,2.333,2.667,3.333,4
"Control",7,23,5,5,"10th percentile",3,3,2,2,3,3,3,2,2,3,NA,NA,NA,NA,NA,NA,NA,NA,NA,NA,NA,NA,NA,NA,NA,NA,NA,NA,3,2,1,2,2,4,2,2,3,2,3,3,1,1,1,3,2,1,2,2,3,1,5,1,1,1,1,1,1,1,4,4,5,5,5,2,3,3,944,"I'm not sure that I understood what I was supposed to do in the spatial recognition task.","Maybe how doing a task affects how you feel about yourself.","6562617f736ba20cacd63ab6",2.6,2.6,NA,NA,2.333,2,3,2.167,2,5,2.667
"Implicit",14,21,13,12,"50th percentile",NA,NA,NA,NA,NA,NA,NA,NA,NA,NA,"Tagalog","Tagalog, Spanish","Tagalog","10",2,1,NA,NA,NA,NA,NA,NA,NA,NA,NA,NA,NA,NA,3,2,1,3,3,2,2,2,3,2,2,3,1,1,1,3,2,1,3,3,2,2,4,2,2,2,1,1,1,2,2,2,1,2,4,4,4,4,701,"It was an interesting task","How people would perform if they were told the task were related to their math abilities","60444cd97d48924d0d4810ea",NA,NA,NA,NA,2.333,2,2.667,2.333,1.5,2.333,4
"Control",15,23,3,7,"50th percentile",4,4,4,4,4,2,2,2,3,2,NA,NA,NA,NA,NA,NA,NA,NA,NA,NA,NA,NA,NA,NA,NA,NA,NA,NA,2,2,1,2,2,2,4,4,3,5,3,3,2,1,1,2,2,1,1,2,1,2,3,2,2,1,3,2,2,3,3,2,1,1,2,2,3,3,409,NA,"To see how people judge themselves based off how well they do on the task","62029779ef1cb18a1337c0f7",4,2.2,NA,NA,1.833,4.333,3,1.5,2.5,1.333,2.667
"Explicit",5,26,5,9,"25th percentile",NA,NA,NA,NA,NA,NA,NA,NA,NA,NA,NA,NA,NA,NA,NA,NA,3,2,2,2,3,3,3,2,3,3,4,3,3,2,3,4,3,3,3,3,2,3,4,2,1,2,1,3,2,2,3,2,2,3,2,2,1,1,2,3,3,3,2,3,3,3,4,2,3,3,682,"It was very difficult and does not reflect my true math skills","View how confidence changes based on test performance","6018a5c0e1600b187ccb8693",NA,NA,2.5,3,3,3,2.667,2.333,2.667,3.333,2.667
"Explicit",13,18,10,12,"50th percentile",NA,NA,NA,NA,NA,NA,NA,NA,NA,NA,NA,NA,NA,NA,NA,NA,4,4,1,1,5,5,3,3,2,4,5,2,5,2,1,5,5,2,5,5,5,5,5,5,1,1,1,5,1,1,5,5,1,2,5,2,3,3,4,1,1,4,3,1,3,5,1,2,2,2,547,"Simple and fun survey. No issues throughout the survey.","To determine how racial groups play into stereotypes.","658ef999acd5710c94c08490",NA,NA,3.333,3.167,3.333,5,5,3,2.333,3,2
"Control",9,19,11,8,"50th percentile",4,4,3,4,3,3,3,3,2,3,NA,NA,NA,NA,NA,NA,NA,NA,NA,NA,NA,NA,NA,NA,NA,NA,NA,NA,3,2,1,2,1,2,5,5,5,5,5,5,1,2,2,1,2,2,1,1,2,4,3,3,3,2,5,3,3,5,3,3,5,5,5,2,3,3,433,NA,"The purpose was to see how race affects a person's motivations.","65511607abf6cccaa5bad8c6",3.6,2.8,NA,NA,1.833,5,5,1.5,3.667,5,2.667
"Implicit",9,22,10,9,"50th percentile",NA,NA,NA,NA,NA,NA,NA,NA,NA,NA,"Punjabi, Hindi","Punjabi and Hindi","Punjabi",NA,1,1,NA,NA,NA,NA,NA,NA,NA,NA,NA,NA,NA,NA,4,2,2,4,4,1,3,4,3,3,3,3,1,1,1,4,2,2,4,4,2,3,3,3,2,2,3,2,2,4,4,2,1,2,3,3,3,3,569,"Good experience with the survey had no difficulties completing any task.","To see how students feel about the usage of these types of tasks to gauge their abilities of certain subjects.","65e63b7fc845c96c2c2520bc",NA,NA,NA,NA,2.833,3.333,3,3,2.833,2,3
"Explicit",10,24,3,3,"10th percentile",NA,NA,NA,NA,NA,NA,NA,NA,NA,NA,NA,NA,NA,NA,NA,NA,3,5,3,3,3,5,3,3,2,2,4,3,3,2,1,3,3,1,4,4,5,2,4,4,1,1,1,2,3,2,2,2,1,3,4,2,2,2,5,2,2,1,4,2,2,4,4,4,5,5,500,NA,"Unsure! Maybe to gauge the belief one has about their abilities vs. their actual abilities?","65ce4d74274700a537cc560c",NA,NA,3.667,2.833,2.167,3.333,4.333,2,2.667,3.333,4.667
"Control",7,33,8,6,"25th percentile",4,4,4,3,4,4,4,4,3,4,NA,NA,NA,NA,NA,NA,NA,NA,NA,NA,NA,NA,NA,NA,NA,NA,NA,NA,4,1,1,4,4,2,4,4,4,4,4,4,1,1,1,2,3,3,2,1,3,3,2,2,2,2,4,3,3,3,2,2,2,2,3,4,4,4,1097,"I enjoyed doing the spatial rotation task even though I felt like I could've done better. Regardless, the questions in this survey are clear and straight-forward.","To determine how good the participant performs in the spatial rotation task","65181c2f753b188afdddd2c4",3.8,3.8,NA,NA,2.667,4,4,2.333,2.833,2.333,4
"Explicit",10,18,9,9,"50th percentile",NA,NA,NA,NA,NA,NA,NA,NA,NA,NA,NA,NA,NA,NA,NA,NA,3,3,2,3,3,5,2,2,1,2,2,2,4,1,1,2,4,1,4,3,3,4,3,3,1,2,2,4,1,1,2,4,1,2,4,2,1,2,3,2,2,3,2,3,2,2,4,2,3,3,601,"The survey went well","Measuring people's spatial rotation ability in comparison to their views of their race","65dbb48f0c3d6ca98c837ba6",NA,NA,3.167,1.833,2.167,3.667,3,2.167,2.5,2.667,2.667
"Control",12,19,13,12,"75th percentile",4,2,5,3,3,3,2,4,2,2,NA,NA,NA,NA,NA,NA,NA,NA,NA,NA,NA,NA,NA,NA,NA,NA,NA,NA,4,2,1,3,4,2,4,4,4,3,4,4,1,2,1,3,3,2,2,3,2,4,3,3,3,3,3,2,2,3,2,2,4,4,3,2,2,2,560,NA,"To see how we think about standardized testing taking the form of tests like spatial rotation tests.","6452a1b17000c1527e9fd003",3.4,2.6,NA,NA,2.667,3.667,4,2.5,2.333,3.667,2
"Control",9,24,10,10,"25th percentile",4,4,4,4,4,4,4,4,4,4,NA,NA,NA,NA,NA,NA,NA,NA,NA,NA,NA,NA,NA,NA,NA,NA,NA,NA,2,3,4,2,1,4,3,3,1,5,4,5,1,2,1,1,3,4,1,1,5,5,3,2,2,2,5,5,5,4,4,4,3,3,1,2,4,4,946,"i found it interesting.","to test mathematical ability","65cb7ae1800d57cbac802342",4,4,NA,NA,2.667,3.667,3.333,2.5,4.5,2.333,3.333
"Implicit",10,25,10,8,"50th percentile",NA,NA,NA,NA,NA,NA,NA,NA,NA,NA,NA,"chinese, italian","chinese",NA,1,1,NA,NA,NA,NA,NA,NA,NA,NA,NA,NA,NA,NA,4,2,2,4,4,2,5,5,2,5,3,2,1,2,1,3,2,2,4,4,2,3,5,2,4,2,4,2,3,4,3,4,4,3,2,4,4,4,1130,"thanks! no feedback.","measure spatial rotation.","650afc00d748aa554ebde221",NA,NA,NA,NA,3,5,2.333,2.833,3.333,3,4
"Explicit",6,19,10,10,"50th percentile",NA,NA,NA,NA,NA,NA,NA,NA,NA,NA,NA,NA,NA,NA,NA,NA,3,3,3,3,3,3,3,3,3,3,3,3,3,3,3,3,3,3,3,3,3,3,3,3,1,2,2,3,3,3,3,3,3,3,3,3,3,3,3,3,3,3,3,3,3,3,3,3,3,3,1637,NA,"Spatial Rotation Task","600f9342e7bc5518fa9ca92a",NA,NA,3,3,3,3,3,3,3,3,3
"Control",8,47,11,11,"50th percentile",3,3,2,2,4,2,2,4,3,4,NA,NA,NA,NA,NA,NA,NA,NA,NA,NA,NA,NA,NA,NA,NA,NA,NA,NA,4,3,4,2,4,2,2,4,3,4,2,4,3,2,1,4,3,4,3,4,3,4,4,4,4,3,4,3,4,4,3,4,4,3,2,4,3,4,3557,"nice","understanding","63d69bcc9ac7e2fd85b9ce49",2.8,3,NA,NA,3.167,3.333,3,3.5,3.667,3,3.667
"Implicit",13,19,10,8,"50th percentile",NA,NA,NA,NA,NA,NA,NA,NA,NA,NA,"Korean","None",NA,NA,1,2,NA,NA,NA,NA,NA,NA,NA,NA,NA,NA,NA,NA,3,2,2,3,3,2,2,2,2,2,3,2,1,1,1,2,3,2,3,3,2,3,4,2,2,2,1,1,1,2,3,3,2,1,2,3,3,3,383,NA,"To see how people do compared to other people in the spacial task","65345c123ea7ca867237e6e0",NA,NA,NA,NA,2.5,2,2.333,2.5,1.833,1.667,3
"Explicit",12,25,14,11,"50th percentile",NA,NA,NA,NA,NA,NA,NA,NA,NA,NA,NA,NA,NA,NA,NA,NA,4,3,2,3,2,4,3,3,2,2,2,4,4,2,1,2,2,3,5,5,5,5,5,1,1,2,2,3,2,1,3,2,3,2,1,3,2,2,4,3,3,3,3,2,3,2,3,3,3,3,491,"No feedback","Perceptions on self-testing","63d13f5ee27b28a60fc1df15",NA,NA,3,2.667,2.333,5,3.667,2.333,3,2.667,3
"Control",13,41,8,10,"90th percentile",5,5,3,1,5,4,4,2,1,4,NA,NA,NA,NA,NA,NA,NA,NA,NA,NA,NA,NA,NA,NA,NA,NA,NA,NA,3,1,1,3,3,1,1,1,1,1,1,1,1,1,1,3,1,1,3,3,1,1,4,1,1,1,1,1,1,1,4,4,2,1,5,1,1,1,433,NA,"dunno","5b5c3b266b25590001778ea1",3.8,3,NA,NA,2,1,1,2,2,2.667,1
"Implicit",14,20,3,5,"50th percentile",NA,NA,NA,NA,NA,NA,NA,NA,NA,NA,"Korean","Korean","Korean",NA,1,1,NA,NA,NA,NA,NA,NA,NA,NA,NA,NA,NA,NA,2,2,3,2,1,2,4,4,5,4,4,4,1,2,1,1,3,2,1,2,2,3,5,3,4,4,5,1,1,2,4,5,5,1,5,4,4,4,782,"It went well.","No clue.","655ff3dc53e8c9955c6d2132",NA,NA,NA,NA,2,4,4.333,1.833,3,3.667,4
"Implicit",8,19,7,6,"25th percentile",NA,NA,NA,NA,NA,NA,NA,NA,NA,NA,"Hindi, Sindhi, Malay","Spanish",NA,NA,2,1,NA,NA,NA,NA,NA,NA,NA,NA,NA,NA,NA,NA,4,1,1,4,4,2,3,3,3,2,3,3,1,1,2,4,1,1,3,3,2,2,3,2,2,2,3,4,2,3,2,2,3,2,4,4,4,4,556,"This was an interesting survey. I felt like the time to answer the spatial rotation questions was a bit short.","To determine if race plays a role in mathematical abilities.","65cbcaaab9e2fae86452af73",NA,NA,NA,NA,2.667,2.667,3,2.333,2.667,3,4
"Explicit",12,24,13,12,"50th percentile",NA,NA,NA,NA,NA,NA,NA,NA,NA,NA,NA,NA,NA,NA,NA,NA,3,4,2,2,2,5,3,2,1,2,3,3,3,2,1,2,3,1,5,4,4,2,4,4,1,1,2,2,3,1,2,3,1,2,3,2,1,2,3,1,1,2,3,2,4,3,4,2,1,1,507,"Should probably have some blank / interim screen between questions in case time expires on one right as you click on a response, potentially incorrectly answering on two questions in quick succession.","Understanding how perceptions of stereotypes affect performance","6158bb338b6122275bc191e3",NA,NA,3,2.333,2,3.667,4,2,2,3.667,1.333
"Control",11,21,10,8,"50th percentile",3,3,2,2,2,2,2,1,3,2,NA,NA,NA,NA,NA,NA,NA,NA,NA,NA,NA,NA,NA,NA,NA,NA,NA,NA,3,2,1,2,2,3,3,3,4,2,4,3,1,1,1,2,3,2,1,1,2,3,3,2,2,2,2,1,1,2,3,2,2,2,4,3,3,3,433,"N/A","To determine your math ability based on your performance in the spacial rotation test","6537ccd8aacb65739e270b30",2.4,2,NA,NA,2.167,2.667,3.667,1.833,1.833,2.667,3
"Implicit",9,22,6,3,"25th percentile",NA,NA,NA,NA,NA,NA,NA,NA,NA,NA,"Chinese","Chinese","Chinese",NA,1,2,NA,NA,NA,NA,NA,NA,NA,NA,NA,NA,NA,NA,2,5,2,1,3,5,5,4,4,4,5,4,2,2,1,2,5,3,1,3,5,5,5,3,1,1,2,3,1,4,4,2,5,1,4,4,5,5,1165,"I found that the tasks was very stressful because 8 seconds was very little time to look at the shapes and determine whether they were identical. To be very honest, I don't think a spatial relations tests where each problem had a time limit of 8 seconds is a good diagnostic tool for math abilities.","Examining academic mindsets and self-perception using spatial rotation test results","65d50a06744dd0c01b038547",NA,NA,NA,NA,3,4.333,4.333,3.167,2.667,3.333,4.667
"Explicit",9,23,5,6,"25th percentile",NA,NA,NA,NA,NA,NA,NA,NA,NA,NA,NA,NA,NA,NA,NA,NA,3,3,2,5,4,4,4,3,1,3,3,2,4,2,1,4,5,2,4,4,4,4,4,4,1,1,1,3,3,1,4,2,1,3,4,3,3,2,3,3,1,4,2,1,3,2,4,3,3,4,637,NA,"Understanding actual academic capability and the perception we have of ourselves and our academic abilities.","65cb7ff9d7b5fd9b97cf35c8",NA,NA,3.5,2.667,3,4,4,2.333,2.333,3,3.333
"Control",8,19,12,10,"50th percentile",3,2,4,3,3,3,2,4,3,3,NA,NA,NA,NA,NA,NA,NA,NA,NA,NA,NA,NA,NA,NA,NA,NA,NA,NA,4,3,2,4,3,2,4,4,3,4,3,3,1,2,2,4,2,2,4,3,2,3,4,2,2,3,3,2,2,3,4,3,2,2,3,3,2,2,495,"n/a","not exactly sure","65ce5d8d0219b79ced7729cd",3,3,NA,NA,3,4,3,2.833,2.833,2.333,2.333
"Implicit",13,21,11,10,"75th percentile",NA,NA,NA,NA,NA,NA,NA,NA,NA,NA,NA,"Chinese (Mandarin) and American Sign Language (ASL)",NA,"0",2,3,NA,NA,NA,NA,NA,NA,NA,NA,NA,NA,NA,NA,5,2,1,4,4,1,4,5,5,3,5,5,1,1,1,4,2,1,4,4,1,2,5,4,4,3,2,1,1,5,3,2,1,1,2,2,4,3,514,NA,"To gauge student's perceptions of themselves and how they think others view them and/or their racial group based on a spacial rotations test to measure their predicted mathematical abilities","6560d1fe9f74937c98f36caf",NA,NA,NA,NA,2.833,4,5,2.667,2.333,1.333,3
"Implicit",7,34,8,9,"75th percentile",NA,NA,NA,NA,NA,NA,NA,NA,NA,NA,"Bengali","Bengali",NA,NA,1,1,NA,NA,NA,NA,NA,NA,NA,NA,NA,NA,NA,NA,5,1,1,4,4,1,5,3,5,3,5,5,1,1,1,5,1,1,4,3,1,3,3,3,4,3,1,1,3,5,3,2,2,1,2,4,2,2,705,"n/a","the Spatial Rotation and the relation between math skill","63460f79457f687948f53b88",NA,NA,NA,NA,2.667,3.667,5,2.5,2.5,1.667,2.667
"Explicit",8,20,12,8,"25th percentile",NA,NA,NA,NA,NA,NA,NA,NA,NA,NA,NA,NA,NA,NA,NA,NA,4,5,3,2,3,4,3,2,2,1,2,2,3,1,4,3,1,1,5,5,5,4,5,5,1,1,1,2,2,5,2,1,1,3,4,2,2,1,5,1,1,2,5,1,5,5,4,5,5,5,579,NA,"Measuring levels of self esteem related to tests depending on racial groups of participants","64ebc24a8921061fcf72748d",NA,NA,3.5,2,2.167,4.667,5,2.167,2.5,4.667,5
"Explicit",11,24,10,10,"75th percentile",NA,NA,NA,NA,NA,NA,NA,NA,NA,NA,NA,NA,NA,NA,NA,NA,5,4,3,3,3,4,4,4,2,3,3,3,4,1,1,4,4,1,5,4,3,5,3,3,1,1,1,4,2,1,3,3,2,3,3,2,2,3,2,2,3,4,3,3,1,1,3,4,3,4,343,NA,"Comparing how people believe they will score with reality and how they think that reflects on their racial group.","6348845d31edff3dff1b7799",NA,NA,3.667,3.167,2.5,4.667,3,2.5,2.833,1.667,3.667
"Control",13,20,12,12,"75th percentile",5,5,4,3,5,5,5,4,4,5,NA,NA,NA,NA,NA,NA,NA,NA,NA,NA,NA,NA,NA,NA,NA,NA,NA,NA,4,1,1,5,3,2,5,5,1,5,5,1,1,1,1,5,1,1,5,3,2,2,4,2,1,2,5,2,3,3,4,3,5,4,3,5,4,5,672,"The quiz was interesting and fun but it would've been nice to see a timer of how much time I had for each question instead of just moving on","See how hearing that the shape rotational test determines math skills would impact my emotions and performance on the test and in general","65aed67f38bccce795a29383",4.4,4.6,NA,NA,2.667,5,2.333,2.833,3.333,4,4.667
"Implicit",6,27,4,5,"25th percentile",NA,NA,NA,NA,NA,NA,NA,NA,NA,NA,"Urdu, Hindi","Urdu, Hindi","Urdu, Hindi",NA,1,1,NA,NA,NA,NA,NA,NA,NA,NA,NA,NA,NA,NA,5,1,1,5,5,1,5,5,3,3,4,3,1,2,2,4,1,1,5,4,1,2,5,3,3,3,4,3,3,4,5,4,2,2,3,5,5,5,447,NA,"To see how students do on spatial relation and how confident they are in their abilities at school","65afe752c7c336dcf6ca0739",NA,NA,NA,NA,3,4.333,3.333,2.667,3.833,2.333,5
"Explicit",4,33,5,5,"50th percentile",NA,NA,NA,NA,NA,NA,NA,NA,NA,NA,NA,NA,NA,NA,NA,NA,4,4,3,3,3,3,3,3,2,2,2,3,4,2,2,4,3,2,4,4,2,2,2,2,1,1,1,3,2,2,3,3,2,2,2,2,1,1,2,1,1,2,2,2,2,2,4,3,2,2,1009,"The video size was weirdly sized, and the choices of matched or unmatched on the bottom are too low that every time there is a new video, you have to scroll down to answer. It was too quick as well and moves to the next vid right away without even the chance to answer. It would have been helpful if it was stated in the instructions. But overall, this is an interesting study.","Something to do with race in connection with college attitude.","65eabc627ddf9221f8e12b85",NA,NA,3.333,2.5,2.833,3.333,2,2.5,1.667,2.667,2.333
"Implicit",5,22,5,5,"50th percentile",NA,NA,NA,NA,NA,NA,NA,NA,NA,NA,"Tagalog","Tagalog, some Korean, Mandarin, Japanese, and German","Tagalog",NA,2,1,NA,NA,NA,NA,NA,NA,NA,NA,NA,NA,NA,NA,4,1,1,4,3,2,4,3,5,3,5,5,1,1,1,3,2,1,3,2,1,2,3,2,2,2,5,3,5,2,4,5,5,2,5,5,5,5,578,"I'm just surprised I predicted how many I'd get right on the task","To see how individuals see themselves and their abilities after performing a certain task","60fdf18884991b2263f75eec",NA,NA,NA,NA,2.5,3.333,5,2,4,4,5
"Explicit",8,24,1,2,"10th percentile",NA,NA,NA,NA,NA,NA,NA,NA,NA,NA,NA,NA,NA,NA,NA,NA,4,3,3,4,4,5,3,2,1,3,3,4,4,1,1,4,4,1,3,4,4,3,4,4,1,2,2,3,3,1,3,3,2,3,1,3,1,1,4,4,4,4,2,2,3,1,3,3,4,3,639,"I found it very difficult to click on Matched/Unmatched before the timer switched the options. I felt as if this affected my ability to submit answers.","To see if individual's spatial reasoning and ability to do so under pressure was indicative of performance.","65b8628fc87ec30641249be5",NA,NA,3.833,2.667,2.5,3.333,4,2.5,3.333,2.333,3.333
"Control",7,23,6,7,"50th percentile",3,3,3,3,3,2,3,3,3,3,NA,NA,NA,NA,NA,NA,NA,NA,NA,NA,NA,NA,NA,NA,NA,NA,NA,NA,4,1,1,4,3,1,3,3,3,3,2,2,1,1,1,3,1,2,4,2,1,2,3,2,2,2,2,1,2,2,3,3,4,2,3,3,4,4,542,"I'm surprised that I guessed the score correctly.","Not sure.","5f2c4d9ec221140edf238051",3,2.8,NA,NA,2.333,3,2.333,2.167,2.167,3,3.667
"Implicit",12,25,12,10,"50th percentile",NA,NA,NA,NA,NA,NA,NA,NA,NA,NA,NA,"none",NA,NA,1,1,NA,NA,NA,NA,NA,NA,NA,NA,NA,NA,NA,NA,4,3,2,4,3,2,4,3,2,4,3,4,1,2,2,4,3,2,2,3,1,2,4,3,3,2,4,3,4,4,3,4,4,3,4,4,3,4,977,"none","My perceptions","5e46f51bc3298c1bf813a984",NA,NA,NA,NA,3,3.667,3,2.5,3.667,3.667,3.667
"Control",6,28,7,4,"25th percentile",3,3,3,3,4,3,2,4,2,4,NA,NA,NA,NA,NA,NA,NA,NA,NA,NA,NA,NA,NA,NA,NA,NA,NA,NA,1,4,4,2,2,4,5,4,4,3,1,4,1,1,2,2,4,4,2,2,4,4,3,1,2,1,5,5,2,2,2,2,4,5,4,5,5,5,445,"It was interesting!","Relationship between spatial reasoning and self-perception","5f099c7ff7d3020237d5310b",3.2,3,NA,NA,2.833,4,3,3,3,4.333,5
"Explicit",12,18,9,7,"50th percentile",NA,NA,NA,NA,NA,NA,NA,NA,NA,NA,NA,NA,NA,NA,NA,NA,3,3,4,3,2,4,4,4,2,2,3,3,4,2,1,2,2,3,4,4,4,3,4,1,1,1,1,3,3,1,2,2,3,2,4,2,1,1,5,4,5,5,3,4,1,4,3,4,4,4,535,"The rotation activity wasn't too bad, I just wished I had a little more than 9 seconds to assess the shapes. Perhaps 15-20 seconds would be better","To test students' ability to assess perspective and to see how the activity affects their mental state.","63d7f39789fcbee9babcf85a",NA,NA,3.167,3,2.333,3.667,3,2.333,4.333,2.667,4
"Implicit",13,21,12,10,"50th percentile",NA,NA,NA,NA,NA,NA,NA,NA,NA,NA,"Cantonese, Mandarin","Cantonese, Spanish","Cantonese",NA,1,1,NA,NA,NA,NA,NA,NA,NA,NA,NA,NA,NA,NA,4,2,1,3,4,2,4,4,4,3,3,3,1,1,2,3,3,1,3,4,1,3,5,3,3,2,4,4,4,4,3,2,1,2,4,3,4,4,703,NA,"I think it was to determine how well we thought we would do versus how we actually did, describing how we feel compared to others","65cb938d60f5d003291e89ac",NA,NA,NA,NA,2.667,3.667,3.333,2.5,3.5,2.333,3.667
"Control",11,20,12,10,"25th percentile",5,3,4,2,3,3,4,1,4,3,NA,NA,NA,NA,NA,NA,NA,NA,NA,NA,NA,NA,NA,NA,NA,NA,NA,NA,3,2,1,3,2,2,4,5,4,4,5,5,1,1,1,2,3,2,1,1,3,4,2,3,1,1,5,3,4,2,3,4,3,5,4,3,4,4,445,"I just thought the spatial task was way too fast. Otherwise it was alright.","To see our math abilities.","63268e60fbfb9c73671faa37",3.4,3,NA,NA,2.167,4.333,4.667,2,3.5,4,3.667
"Explicit",12,18,13,10,"50th percentile",NA,NA,NA,NA,NA,NA,NA,NA,NA,NA,NA,NA,NA,NA,NA,NA,3,4,3,3,3,5,4,3,2,3,3,4,4,2,1,3,4,2,5,5,5,5,5,5,1,1,1,4,3,2,2,3,1,4,2,1,1,1,4,3,3,4,3,3,2,1,3,4,3,3,531,"None","To test how people perceive themselves and their abilities versus an actual representation of their abilities","65cfe5f97c0ea4d16a306e77",NA,NA,3.5,3.167,2.667,5,5,2.5,3.333,2,3.333
"Explicit",8,22,8,10,"75th percentile",NA,NA,NA,NA,NA,NA,NA,NA,NA,NA,NA,NA,NA,NA,NA,NA,4,4,2,3,4,5,4,3,2,3,3,3,3,3,2,3,3,2,4,4,4,4,4,4,1,2,2,4,1,1,4,3,1,1,5,1,1,1,2,1,1,3,4,3,4,4,3,3,3,3,657,NA,"See our perceptions of our race and test how well we do in spatial recognition and how they correlate","5c91b7eabc1a950001fbfdca",NA,NA,3.667,3,2.667,4,4,2.333,2.333,3.667,3
"Implicit",14,18,15,13,"50th percentile",NA,NA,NA,NA,NA,NA,NA,NA,NA,NA,"Chinese","Chinese, Spanish","Chinese",NA,1,1,NA,NA,NA,NA,NA,NA,NA,NA,NA,NA,NA,NA,4,2,2,4,3,3,4,4,4,4,4,4,1,2,2,2,4,4,2,2,4,3,2,3,3,3,2,2,2,3,5,5,3,3,2,3,3,3,465,NA,"Observing feeling of pressure when completing a task","5e65a37956f27a3290acfcbe",NA,NA,NA,NA,3,4,4,3,3.167,2.667,3
"Control",6,27,8,8,"50th percentile",4,4,3,3,4,2,3,2,5,3,NA,NA,NA,NA,NA,NA,NA,NA,NA,NA,NA,NA,NA,NA,NA,NA,NA,NA,3,1,1,4,2,1,3,1,3,1,3,3,2,1,1,3,2,1,3,3,2,3,2,2,2,2,2,1,1,3,3,1,3,2,4,3,1,1,626,"response time between shapes should be lengthened it was extremely short.","n/a","62ce01e10103af1a049c6b31",3.6,3,NA,NA,2,1.667,3,2.333,1.833,3,1.667
"Control",8,25,2,3,"25th percentile",3,3,2,2,4,3,3,2,3,2,NA,NA,NA,NA,NA,NA,NA,NA,NA,NA,NA,NA,NA,NA,NA,NA,NA,NA,3,2,3,3,2,2,4,4,2,4,2,2,1,1,1,2,3,2,2,2,4,3,4,2,2,2,4,3,3,4,3,2,3,4,4,3,4,3,1074,"It made me feel bad about my math skills","To understand how being told we did poorly affects our mood or self esteem","607dc095678516f84e3fdae6",2.8,2.6,NA,NA,2.5,4,2,2.5,3.167,3.667,3.333
"Implicit",14,30,13,11,"75th percentile",NA,NA,NA,NA,NA,NA,NA,NA,NA,NA,"Cantonese","None",NA,NA,1,2,NA,NA,NA,NA,NA,NA,NA,NA,NA,NA,NA,NA,3,1,1,3,4,1,4,4,5,3,5,5,1,1,1,2,4,1,2,3,3,4,3,4,3,2,4,1,1,3,2,3,4,5,3,3,3,4,642,NA,"self-worth based on school tasks","5ebb08645a22c70c2ba793e4",NA,NA,NA,NA,2.167,3.667,5,2.5,2.333,4,3.333
"Explicit",13,20,0,5,"50th percentile",NA,NA,NA,NA,NA,NA,NA,NA,NA,NA,NA,NA,NA,NA,NA,NA,4,4,5,1,3,5,3,3,1,1,3,3,4,1,2,3,3,2,5,5,5,3,4,4,1,1,1,2,3,1,2,1,2,2,5,2,1,1,3,2,4,2,1,2,1,1,1,3,4,5,615,"N/A","Not sure","611365850f7842366cbfaa68",NA,NA,3.667,2.333,2.5,4.333,4.333,1.833,2.333,1,4
"Implicit",9,18,3,1,"10th percentile",NA,NA,NA,NA,NA,NA,NA,NA,NA,NA,"mandarin, taiwanese","mandarin","mandarin",NA,1,1,NA,NA,NA,NA,NA,NA,NA,NA,NA,NA,NA,NA,4,1,2,3,4,1,4,4,4,3,4,4,1,2,1,2,4,3,1,2,1,5,1,1,1,1,4,2,2,2,4,2,4,2,3,3,3,3,650,"the time limit was pretty stressful and I didn't have enough time to do the task accurately. i was kind of guessing on some of the questions","how people view themselves and how their emotions change after a task","6598942c3d07928cc188ffdb",NA,NA,NA,NA,2.5,3.667,4,2.167,2.667,3,3
"Control",9,23,7,6,"50th percentile",4,4,3,4,3,3,3,2,4,3,NA,NA,NA,NA,NA,NA,NA,NA,NA,NA,NA,NA,NA,NA,NA,NA,NA,NA,3,2,1,3,3,1,3,3,4,3,4,4,1,2,1,2,4,3,1,1,2,4,4,3,2,2,2,1,2,3,4,2,3,4,4,3,4,3,897,"I believe the purpose of the spatial rotation task is to induce a specific emotional state in the participant so this may be irrelevant however the ability to answer separately after seeing the image may be beneficial as there were a few instances where I knew the answer however was not able to click it before time ran out. If we are meant to have eight seconds, putting the answer time within that range does not feel like a true eight seconds. Otherwise, the rotation task was very fun. Thank you!","The impact of stress on social perception and belongingness","65cbab070b9dca9291cd7848",3.6,3,NA,NA,2.167,3,4,2.167,2.333,3.667,3.333
"Explicit",5,21,10,7,"50th percentile",NA,NA,NA,NA,NA,NA,NA,NA,NA,NA,NA,NA,NA,NA,NA,NA,2,3,4,4,2,5,3,2,2,2,2,3,3,1,1,4,4,1,5,4,4,4,4,4,1,2,1,3,1,1,3,3,1,2,4,3,3,2,4,2,2,4,4,4,4,4,3,2,2,2,554,"na","determine correlation of math and spatial rotation test as a predictor to math scores.","65a58b087781836186ca5b78",NA,NA,3.333,2.333,2.333,4.333,4,2,3.333,3.667,2
"Control",7,19,4,3,"10th percentile",2,4,4,3,3,4,4,3,4,3,NA,NA,NA,NA,NA,NA,NA,NA,NA,NA,NA,NA,NA,NA,NA,NA,NA,NA,2,4,3,2,2,4,4,4,4,3,5,5,1,1,1,1,2,3,1,1,3,3,5,1,1,1,3,2,3,3,3,4,2,1,1,2,1,3,779,"I don't really see how this measures math ability","See if a test advertised as seeing ""math ability"" makes us feel stressed","63f77ab51428a164ec2edbab",3.2,3.6,NA,NA,2.833,3.667,4.667,1.833,3,1.333,2
"Control",12,19,11,9,"75th percentile",4,2,2,3,3,3,2,2,3,3,NA,NA,NA,NA,NA,NA,NA,NA,NA,NA,NA,NA,NA,NA,NA,NA,NA,NA,4,1,1,4,4,1,4,4,4,4,4,4,1,1,1,3,2,1,3,3,1,3,5,2,1,1,3,3,2,3,4,3,5,3,1,2,2,2,475,NA,"To gauge how performing a spacial rotation task affects people's current state as well as their perceptions of their academic performance","65bff5ce2c3df3a5127fa462",2.8,2.6,NA,NA,2.5,4,4,2.167,3,3,2
"Explicit",10,26,4,6,"50th percentile",NA,NA,NA,NA,NA,NA,NA,NA,NA,NA,NA,NA,NA,NA,NA,NA,4,5,4,3,4,5,3,2,1,2,2,2,3,3,1,2,2,2,3,2,3,2,3,3,1,2,1,1,2,2,1,1,1,2,5,3,1,2,3,3,2,3,3,2,2,2,3,4,5,5,875,"I have my master's degree but changed majors, so I am pursuing an associate's at community college.","See if there is an association between (perceived) performance on math-related items and self-image as it relates to race.","5f2908bb9c5b402bc5b1a9b7",NA,NA,4.167,2,2.167,2.333,3,1.333,2.667,2.333,4.667
"Explicit",14,19,15,13,"75th percentile",NA,NA,NA,NA,NA,NA,NA,NA,NA,NA,NA,NA,NA,NA,NA,NA,4,4,5,2,3,5,3,2,2,2,4,2,4,1,1,3,3,2,4,4,4,4,4,4,1,1,2,3,2,2,3,3,2,2,4,3,1,2,5,3,4,4,5,2,2,4,4,3,4,3,703,"It was good","Study math ability to race","65296a5e6b3da09843f655ba",NA,NA,3.833,2.5,2.333,4,4,2.5,3.833,3.333,3.333
"Explicit",14,20,12,10,"50th percentile",NA,NA,NA,NA,NA,NA,NA,NA,NA,NA,NA,NA,NA,NA,NA,NA,3,4,4,3,4,5,4,3,4,3,4,4,3,2,3,4,5,1,4,3,3,3,2,2,1,2,2,3,3,2,4,5,2,3,3,3,2,1,4,3,4,2,5,4,4,4,4,4,5,5,709,"Interesting survey!","I think the purpose of this study was to identify how different people perceive themself and the decisions that they make in a daily basis.","63e51e55974365f1e43df265",NA,NA,3.833,3.667,3,3.333,2.333,3.167,3.667,4,4.667
"Control",8,23,0,4,"25th percentile",3,4,5,3,4,2,3,4,3,4,NA,NA,NA,NA,NA,NA,NA,NA,NA,NA,NA,NA,NA,NA,NA,NA,NA,NA,2,3,3,3,2,4,3,2,4,3,4,3,1,1,1,2,3,2,1,1,2,2,3,2,1,2,5,4,2,3,5,5,3,3,4,2,2,2,1808,"N/A","Racial self perception and confidence in mathmatics correlation","65755801000442e5a54f5005",3.8,3.2,NA,NA,2.833,2.667,3.667,1.833,4,3.333,2
"Implicit",15,21,15,15,"90th percentile",NA,NA,NA,NA,NA,NA,NA,NA,NA,NA,"tagalog","japanese",NA,NA,2,1,NA,NA,NA,NA,NA,NA,NA,NA,NA,NA,NA,NA,3,2,2,3,3,2,3,4,2,1,1,1,1,1,1,3,2,2,3,3,2,1,5,3,2,1,1,1,1,3,3,3,1,1,5,4,3,3,376,NA,"how we perceive ourselves based on a task","5f6c102b6ec04317fc9a8127",NA,NA,NA,NA,2.5,2.667,1.333,2.5,2,2.333,3.333
"Control",12,22,12,10,"50th percentile",2,2,2,2,2,2,2,1,2,2,NA,NA,NA,NA,NA,NA,NA,NA,NA,NA,NA,NA,NA,NA,NA,NA,NA,NA,3,1,1,3,3,1,3,1,2,1,2,2,1,2,1,3,1,1,3,3,1,2,5,2,1,1,1,1,1,3,3,1,4,4,4,3,3,3,366,NA,NA,"65cfe9b23cb896bff6ca420b",2,1.8,NA,NA,2,1.667,2,2,1.667,4,3
"Implicit",14,22,10,8,"50th percentile",NA,NA,NA,NA,NA,NA,NA,NA,NA,NA,"Chinese","Chinese","Chinese","10",1,1,NA,NA,NA,NA,NA,NA,NA,NA,NA,NA,NA,NA,4,3,1,3,2,2,2,2,3,4,3,3,1,1,1,3,2,2,2,1,2,3,4,3,2,2,2,3,2,3,4,3,3,4,2,3,3,3,618,"It went smoothly!","3D objects and how one perceives reality","63bd8c28fb1d955babddd6d5",NA,NA,NA,NA,2.5,2.667,3,2,2.833,3,3
"Explicit",10,32,5,5,"25th percentile",NA,NA,NA,NA,NA,NA,NA,NA,NA,NA,NA,NA,NA,NA,NA,NA,3,4,3,4,4,5,3,4,3,3,4,4,5,1,1,5,5,1,3,4,4,3,1,3,1,1,1,3,2,1,3,3,1,3,3,2,2,2,2,3,3,2,4,4,3,3,3,2,2,2,462,"No","To see my abilities as an Asian male and how racism and stereotypes played.","5f58597e2f53113c7bd47ab3",NA,NA,3.833,3.5,3,3.333,2.667,2.167,3,3,2
"Explicit",13,24,7,5,"10th percentile",NA,NA,NA,NA,NA,NA,NA,NA,NA,NA,NA,NA,NA,NA,NA,NA,4,4,2,5,3,4,4,5,3,5,4,4,3,2,2,3,1,3,3,3,5,3,5,5,1,2,2,1,5,5,1,1,5,5,5,1,1,1,5,5,5,1,5,5,5,5,5,1,1,1,664,NA,"how students perceive grading before and after receiving grades from exams and how their performances affect self esteem","5d61a3001c84fc001780f4ad",NA,NA,3.667,4.167,2.333,3,5,3,4.333,5,1
"Implicit",12,22,10,8,"50th percentile",NA,NA,NA,NA,NA,NA,NA,NA,NA,NA,"Chinese",NA,NA,NA,1,1,NA,NA,NA,NA,NA,NA,NA,NA,NA,NA,NA,NA,2,4,2,1,2,4,4,4,4,2,4,3,1,2,1,1,5,4,1,1,4,3,2,2,1,1,5,3,4,4,4,4,5,5,1,5,5,5,500,NA,"To test how well people understand spatial rotation and see how their current emotions reflect their way of thinking.","65ccf5c22a3ceca2b3cf14e9",NA,NA,NA,NA,2.5,3.333,3.667,2.667,4,3.667,5
"Control",5,21,10,12,"75th percentile",3,3,3,4,4,2,2,3,5,3,NA,NA,NA,NA,NA,NA,NA,NA,NA,NA,NA,NA,NA,NA,NA,NA,NA,NA,4,1,1,4,4,2,3,3,4,3,4,3,1,2,2,3,2,2,3,3,2,3,5,2,2,2,2,2,2,3,4,3,1,1,2,2,3,2,566,"It was harder than I thought it would be; Definitely scored lower than I thought too","To measure ability of those from different backgrounds to recognize shapes and when they are rotated and transformed","65d51baa9930b7a969cca0f7",3.4,3,NA,NA,2.667,3,3.667,2.5,2.667,1.333,2.333
"Control",12,34,6,4,"25th percentile",5,3,3,3,4,3,2,1,3,3,NA,NA,NA,NA,NA,NA,NA,NA,NA,NA,NA,NA,NA,NA,NA,NA,NA,NA,5,2,1,4,4,1,5,5,3,4,2,2,1,1,1,4,2,1,5,4,1,3,5,3,1,2,3,3,3,4,4,2,2,3,2,3,2,2,438,NA,"i dont know","65cafdc775f31ba7a74c26c3",3.6,2.4,NA,NA,2.833,4.667,2.333,2.833,3.167,2.333,2.333
"Explicit",6,20,10,5,"25th percentile",NA,NA,NA,NA,NA,NA,NA,NA,NA,NA,NA,NA,NA,NA,NA,NA,5,5,1,1,3,3,5,5,1,2,2,2,3,3,3,2,1,2,4,4,5,3,5,5,1,2,2,2,3,3,2,1,2,3,4,2,2,1,5,4,4,2,2,2,1,1,5,5,5,5,464,"N/A","Seeing if how well you score of spacial rotation is any indication of how well you do at math","655f8b6aead3b1448f52681b",NA,NA,3,2.833,2.333,3.667,5,2.167,3.167,2.333,5
"Explicit",9,22,6,3,"25th percentile",NA,NA,NA,NA,NA,NA,NA,NA,NA,NA,NA,NA,NA,NA,NA,NA,4,4,2,4,4,5,5,4,2,4,4,4,4,2,1,3,3,1,5,5,5,5,4,4,1,1,1,2,3,2,2,2,2,3,5,3,3,3,4,2,2,3,2,2,2,2,4,4,3,3,560,"this was challenging and i wish there was a more obvious countdown to know how much time we have left to answer the question","to find the link between spatial rotation and math ability","65cc503b2b3565cba17be791",NA,NA,3.833,3.833,2.333,5,4.333,2.167,2.5,2.667,3.333
"Implicit",7,19,8,8,"50th percentile",NA,NA,NA,NA,NA,NA,NA,NA,NA,NA,NA,"Korean",NA,NA,1,2,NA,NA,NA,NA,NA,NA,NA,NA,NA,NA,NA,NA,4,2,1,4,4,2,5,5,5,5,4,4,1,1,1,3,3,1,4,4,1,2,4,3,2,2,3,5,4,2,3,3,5,1,3,4,4,4,695,"The survey was good and ran smoothly.","To measure mathematical skills","65d5207c5a28986aba880a4c",NA,NA,NA,NA,2.833,5,4.333,2.667,3.333,3,4
"Implicit",10,22,7,7,"50th percentile",NA,NA,NA,NA,NA,NA,NA,NA,NA,NA,"Nepai","Nepali, Hindi, Urdu, Spanish","Nepali",NA,2,1,NA,NA,NA,NA,NA,NA,NA,NA,NA,NA,NA,NA,3,2,1,2,4,2,4,4,4,4,4,4,1,2,2,2,4,2,2,3,2,3,5,2,2,2,3,4,3,3,2,2,4,3,4,5,5,5,477,"Very interesting survey. I did not think I would get a high score like that I'm very impressed with myself.","To test spatial rotation of an individual and maybe convert to the math skills one has.","65cd317ff963d201475b79d1",NA,NA,NA,NA,2.333,4,4,2.5,2.833,3.667,5
"Implicit",10,22,5,3,"10th percentile",NA,NA,NA,NA,NA,NA,NA,NA,NA,NA,"Vietnamese","Vietnamese","Vietnamese",NA,1,1,NA,NA,NA,NA,NA,NA,NA,NA,NA,NA,NA,NA,2,3,3,2,2,4,3,4,4,3,4,4,1,1,1,1,4,3,1,1,4,4,3,3,3,3,4,1,1,1,1,1,4,4,4,2,2,2,518,"I scored significantly higher than I thought I would.","I think it is to study the association between spatial reasoning and how we perceive ourselves compared to our peers.","65cb6c93a2b5419209db3f1f",NA,NA,NA,NA,2.667,3.333,4,2.333,1.5,4,2
"Explicit",7,26,6,5,"50th percentile",NA,NA,NA,NA,NA,NA,NA,NA,NA,NA,NA,NA,NA,NA,NA,NA,5,5,3,1,5,5,4,3,1,1,5,3,4,1,1,4,4,1,3,3,4,2,3,3,1,2,2,3,1,1,3,2,1,2,1,1,1,1,2,2,2,4,1,2,1,1,5,3,2,2,644,"None","Correlation of race and math ability.","65aee576ac09f8926668a1fd",NA,NA,4,2.833,2.5,2.667,3.333,1.833,2.167,2.333,2.333
"Explicit",6,37,5,3,"50th percentile",NA,NA,NA,NA,NA,NA,NA,NA,NA,NA,NA,NA,NA,NA,NA,NA,3,3,3,3,3,4,4,3,3,3,4,3,4,2,2,3,4,4,4,3,4,4,4,3,1,1,1,4,2,3,4,4,3,3,4,3,3,2,4,3,4,3,4,3,4,3,3,4,3,2,285,"it was difficult","spacial imaging","627120b98967a5dbd4922c2e",NA,NA,3.167,3.333,3.167,3.667,3.667,3.333,3.5,3.333,3
"Control",9,24,8,5,"50th percentile",4,4,3,5,4,5,5,2,5,5,NA,NA,NA,NA,NA,NA,NA,NA,NA,NA,NA,NA,NA,NA,NA,NA,NA,NA,2,4,4,2,2,5,5,4,5,5,5,5,1,1,2,2,4,4,2,2,5,3,3,2,2,2,5,5,5,3,5,5,3,3,2,2,2,1,485,"No","Measure particpant's feelings before and after thinking task","6431fa7dd113eda38603cabc",4,4.4,NA,NA,3.167,4.667,5,3.167,4.667,2.667,1.667
"Explicit",7,23,5,3,"50th percentile",NA,NA,NA,NA,NA,NA,NA,NA,NA,NA,NA,NA,NA,NA,NA,NA,3,4,3,4,4,4,4,4,2,2,4,3,4,2,2,4,4,2,4,4,4,4,4,4,1,2,2,3,3,3,3,3,2,4,2,3,3,2,3,3,2,4,4,4,3,3,3,2,2,2,679,"Very interesting survey.","How people behave under different situations?","60d1129ad29dbe85a59b9c4a",NA,NA,3.667,3.167,3,4,4,2.833,3.333,3,2
"Implicit",3,33,10,10,"50th percentile",NA,NA,NA,NA,NA,NA,NA,NA,NA,NA,NA,"None",NA,NA,2,2,NA,NA,NA,NA,NA,NA,NA,NA,NA,NA,NA,NA,4,1,1,5,4,1,5,5,5,5,4,5,1,1,1,5,1,1,3,3,1,1,5,2,2,2,5,1,1,5,1,1,1,1,1,1,1,1,895,"I am really sad that I did that bad","To see how I performed with these models","6073ad2cd288215f64f51efa",NA,NA,NA,NA,2.667,5,4.667,2.333,2.333,1,1
"Control",7,23,8,7,"25th percentile",3,2,2,4,3,3,3,2,3,3,NA,NA,NA,NA,NA,NA,NA,NA,NA,NA,NA,NA,NA,NA,NA,NA,NA,NA,2,2,1,2,2,3,4,4,5,5,5,5,1,2,1,1,2,2,1,1,2,3,2,2,1,2,5,5,4,3,5,5,1,1,2,5,5,5,806,"it was good overall!","to find the relationship between academic mindsets/race identity and overall math abilities","65d7e892ede5cc787cc474cb",2.8,2.8,NA,NA,2,4.333,5,1.5,4.5,1.333,5
"Control",13,25,7,7,"50th percentile",2,4,3,2,4,2,3,3,2,3,NA,NA,NA,NA,NA,NA,NA,NA,NA,NA,NA,NA,NA,NA,NA,NA,NA,NA,3,2,2,2,1,3,4,1,1,1,1,1,1,2,1,3,3,2,2,1,3,1,3,3,2,2,4,1,1,3,1,1,3,2,3,4,4,4,449,"n/a","pressure of comparison to peers?","5d1b8ca0d057270001a0abca",3,2.6,NA,NA,2.167,2,1,2.333,1.833,2.667,4
"Explicit",12,18,4,6,"50th percentile",NA,NA,NA,NA,NA,NA,NA,NA,NA,NA,NA,NA,NA,NA,NA,NA,4,3,4,4,4,5,3,1,2,3,2,3,4,1,1,4,4,2,5,5,4,5,4,4,1,2,2,4,1,1,4,3,2,3,3,3,3,2,4,4,4,4,5,3,2,2,5,4,4,4,632,NA,"Evaluating perception/stereotypes of Asian Americans and comparing it with actual statistical results","65d586699088ec8e476ad029",NA,NA,4,2.333,2.667,5,4,2.5,4,3,4
"Control",13,26,10,6,"25th percentile",4,4,4,4,4,3,3,4,4,4,NA,NA,NA,NA,NA,NA,NA,NA,NA,NA,NA,NA,NA,NA,NA,NA,NA,NA,2,4,1,2,3,4,4,4,4,4,4,4,1,2,1,2,4,3,2,2,3,4,4,3,1,1,4,4,4,4,3,3,4,4,2,4,4,4,517,NA,"understanding how feedback on performance impacts perception of performance","65d509e9ef40f8b8cbf93834",4,3.6,NA,NA,2.667,4,4,2.667,3.667,3.333,4
"Explicit",10,18,7,4,"25th percentile",NA,NA,NA,NA,NA,NA,NA,NA,NA,NA,NA,NA,NA,NA,NA,NA,3,3,2,2,3,4,3,1,1,2,2,2,4,1,1,3,3,2,3,3,3,3,4,4,1,1,1,4,1,1,3,3,2,2,3,2,1,1,4,2,2,2,4,4,4,3,4,2,3,3,407,NA,"To measure Asian-American responses to a diagnostic math test","65185750126ba439e0d8ca1e",NA,NA,2.833,1.833,2.333,3,3.667,2.333,3,3.667,2.667
"Implicit",11,22,10,5,"50th percentile",NA,NA,NA,NA,NA,NA,NA,NA,NA,NA,"Vietnamese","Vietnamese",NA,NA,2,1,NA,NA,NA,NA,NA,NA,NA,NA,NA,NA,NA,NA,4,1,1,4,3,1,4,4,2,2,5,4,1,2,1,3,2,2,3,2,2,2,3,3,3,3,2,1,1,4,4,2,2,2,3,3,2,2,924,"I was a little surprised at the part when I had to choose whether the objects matches or not. I didn't think it would go to the next question after 8 seconds so I misclicked one of the answers.","To see if there is a relationship between one's spatial cognition ability and one's math ability.","65cbdbc2d854fbc1b6c701e6",NA,NA,NA,NA,2.333,3.333,3.667,2.333,2.333,2.333,2.333
"Control",11,37,5,5,"25th percentile",4,4,4,4,4,4,4,4,4,4,NA,NA,NA,NA,NA,NA,NA,NA,NA,NA,NA,NA,NA,NA,NA,NA,NA,NA,2,2,2,1,1,2,4,4,4,4,4,4,1,1,1,2,2,2,1,1,2,3,4,3,2,2,4,4,4,2,4,4,4,4,2,3,3,3,490,NA,"to see where i stand on the results of the spatial rotation task","5ca1c71d44a54a00166d1dd7",4,4,NA,NA,1.667,4,4,1.667,3.667,3.333,3
"Implicit",10,19,12,10,"50th percentile",NA,NA,NA,NA,NA,NA,NA,NA,NA,NA,"Telugu, Viet","Spanish",NA,NA,1,1,NA,NA,NA,NA,NA,NA,NA,NA,NA,NA,NA,NA,4,2,1,4,3,3,3,4,3,4,2,3,1,2,1,3,2,1,3,3,2,2,3,2,1,1,3,2,1,4,3,4,4,3,3,2,2,1,492,NA,"To see how our performance on the spatial rotation task affected our mood/emotion","60147514665c424b4b812e7d",NA,NA,NA,NA,2.833,3.667,2.667,2.333,2.833,3.333,1.667
"Explicit",10,24,4,5,"25th percentile",NA,NA,NA,NA,NA,NA,NA,NA,NA,NA,NA,NA,NA,NA,NA,NA,5,5,5,5,5,5,5,4,2,3,3,2,5,1,1,5,5,2,4,4,4,4,4,4,1,1,1,2,3,4,2,1,3,4,3,1,1,1,4,5,3,1,3,3,5,5,4,3,3,3,429,"I found the activity interesting but hard, but I want to know if it really correlates to math ability?","How we feel about accomplishing tasks and our race. Do we feel pressure to perform well due to our race and its stereotypes?","6595784e1782997a5c7d6a1b",NA,NA,5,3.167,3.167,4,4,2.5,3.167,4.667,3
"Explicit",6,22,12,5,"25th percentile",NA,NA,NA,NA,NA,NA,NA,NA,NA,NA,NA,NA,NA,NA,NA,NA,4,4,3,3,3,4,2,2,2,1,3,3,4,2,1,3,3,2,4,3,4,4,3,4,1,1,1,2,4,3,2,1,3,4,2,3,1,1,3,1,1,4,2,2,2,1,3,3,4,2,359,NA,"To measure self-depictions of race before and after doing a stressful task?","6000ca0be380e61f33f7a0fa",NA,NA,3.5,2.167,2.5,3.667,3.667,2.5,2.167,2,3
"Implicit",10,27,7,5,"25th percentile",NA,NA,NA,NA,NA,NA,NA,NA,NA,NA,"Vietnamese","Vietnamese (not fluent)","Vietnamese",NA,2,1,NA,NA,NA,NA,NA,NA,NA,NA,NA,NA,NA,NA,3,3,2,2,2,4,2,4,4,4,5,4,1,1,1,1,4,4,1,1,3,4,5,2,3,3,3,2,2,3,5,4,3,1,4,4,5,5,561,NA,"Finding out the relationship between feeling successful at school and performance on spatial rotation test","5c4bfc488897520001567367",NA,NA,NA,NA,2.667,3.333,4.333,2.333,3.167,2.667,4.667
"Control",10,23,8,8,"50th percentile",4,4,3,4,4,4,3,3,5,3,NA,NA,NA,NA,NA,NA,NA,NA,NA,NA,NA,NA,NA,NA,NA,NA,NA,NA,4,1,1,4,4,1,3,3,4,2,4,4,1,1,1,4,1,1,4,4,1,2,3,2,1,1,4,2,2,2,2,2,1,1,5,5,5,5,316,NA,"To see a relationship between feelings of isolation and spatial reasoning","5b5955e7f2333f00013176b2",3.8,3.6,NA,NA,2.5,2.667,4,2.5,2.333,2.333,5
"Explicit",7,21,7,5,"50th percentile",NA,NA,NA,NA,NA,NA,NA,NA,NA,NA,NA,NA,NA,NA,NA,NA,4,3,2,2,3,3,4,3,3,2,3,4,4,1,1,3,3,1,4,3,3,4,2,2,1,1,1,2,2,1,2,2,2,3,3,2,2,2,3,2,2,3,2,2,5,3,2,3,3,2,386,NA,"To test abilities of asian american students","6110cb9fd3ba23cecacc8fc4",NA,NA,2.833,3.167,2.167,3.667,2.333,1.833,2.333,3.333,2.667
"Control",7,18,5,5,"50th percentile",2,5,3,2,4,1,3,2,3,2,NA,NA,NA,NA,NA,NA,NA,NA,NA,NA,NA,NA,NA,NA,NA,NA,NA,NA,4,1,1,4,3,1,5,5,3,4,4,4,1,1,2,4,2,1,3,3,1,4,4,1,1,1,4,1,1,4,1,1,3,2,2,3,3,4,450,NA,"how self perception about race affects how we did on the spatial rotation task","65cb5e15f8685a04fa82ff0f",3.2,2.2,NA,NA,2.333,4.667,3.667,2.333,2,2.333,3.333
"Implicit",6,23,9,7,"50th percentile",NA,NA,NA,NA,NA,NA,NA,NA,NA,NA,"Japanese","Spanish",NA,NA,2,1,NA,NA,NA,NA,NA,NA,NA,NA,NA,NA,NA,NA,4,1,1,3,5,2,3,5,4,5,4,5,1,1,2,2,3,2,3,2,2,3,2,2,1,1,3,1,2,5,3,2,1,1,3,2,3,4,445,"It is a bit stressful because of the time constraint.","Purpose of the study is to see how we react before and after doing a spatial perception task.","6361b53c44c9c4ebeb619db1",NA,NA,NA,NA,2.667,4.333,4.333,2.333,2.667,1.667,3
"Control",8,24,12,8,"50th percentile",4,3,3,3,3,3,2,2,3,2,NA,NA,NA,NA,NA,NA,NA,NA,NA,NA,NA,NA,NA,NA,NA,NA,NA,NA,3,3,1,2,3,2,3,3,3,3,4,4,1,2,2,2,3,3,2,3,3,3,2,2,2,2,3,2,3,3,3,3,3,2,3,3,3,3,553,"N/A","Test spatial skills in a fast pace environment","610016afc022650a809d6c84",3.2,2.4,NA,NA,2.333,3,3.667,2.667,2.833,2.667,3
"Explicit",8,22,11,8,"50th percentile",NA,NA,NA,NA,NA,NA,NA,NA,NA,NA,NA,NA,NA,NA,NA,NA,5,4,1,4,5,5,5,2,1,1,4,3,5,1,1,5,4,1,5,5,4,5,4,4,1,2,2,5,1,1,5,5,1,3,5,2,2,1,5,3,4,5,2,4,5,1,2,3,4,4,782,"it was confusing and pressuring due to less time","measure spatial ability","657a5fdf40daebdb26cb32b4",NA,NA,4,2.667,2.833,5,4,3,3.833,2.667,3.667
"Implicit",9,25,8,6,"25th percentile",NA,NA,NA,NA,NA,NA,NA,NA,NA,NA,"Tagalog","Tagalog, Spanish",NA,NA,1,1,NA,NA,NA,NA,NA,NA,NA,NA,NA,NA,NA,NA,3,1,1,3,3,1,4,4,4,3,4,4,1,1,1,2,3,3,2,2,2,4,3,3,3,3,5,3,3,3,2,3,5,5,4,5,5,5,747,"I thought the task was fun, but it definitely stressed me out with how quickly I had to answer it.","I think the purpose was to compare one's performance to their feelings/attitudes about themselves and identity","5e574f393e26c90f2b47b96c",NA,NA,NA,NA,2,3.667,4,2.333,3.167,4.667,5
"Explicit",13,19,3,3,"25th percentile",NA,NA,NA,NA,NA,NA,NA,NA,NA,NA,NA,NA,NA,NA,NA,NA,2,3,2,2,4,3,2,2,1,3,3,3,2,1,1,3,3,1,4,3,3,3,4,4,1,2,2,2,2,1,2,3,2,3,3,3,2,2,2,1,1,3,4,2,3,1,5,2,2,2,649,NA,"measure students' perceptions vs reality of their academic ability based on their race and how well they did on the spatial rotation test","65cbac7bda544f05fb8fe69c",NA,NA,2.667,2.333,1.833,3.333,3.667,2,2.167,3,2
"Control",7,21,5,2,"25th percentile",5,5,2,5,2,4,3,4,2,3,NA,NA,NA,NA,NA,NA,NA,NA,NA,NA,NA,NA,NA,NA,NA,NA,NA,NA,4,1,1,4,4,1,4,5,4,4,5,4,2,1,1,2,4,3,1,1,4,3,2,2,1,2,4,4,3,3,5,5,4,2,2,3,3,2,377,NA,"to see whether my ability on the task affected how i felt about my own math skills","62785b6530a3dfd84d8fc34a",3.8,3.2,NA,NA,2.5,4.333,4.333,2.5,4,2.667,2.667
"Implicit",14,25,9,6,"25th percentile",NA,NA,NA,NA,NA,NA,NA,NA,NA,NA,NA,"n/a",NA,NA,1,3,NA,NA,NA,NA,NA,NA,NA,NA,NA,NA,NA,NA,4,2,1,4,3,2,5,5,5,4,4,4,1,2,1,1,3,2,1,1,2,3,4,3,1,2,5,1,2,3,3,2,3,2,2,2,1,2,761,"Had a positive experience overall; was very surprised by my results.","Maybe something along the lines of assessing how perceptions of task performance affect one's attachment to their racial group?","65d57f93dddf2f37836d548a",NA,NA,NA,NA,2.667,4.667,4.333,1.667,2.667,2.333,1.667
"Explicit",8,30,0,1,"25th percentile",NA,NA,NA,NA,NA,NA,NA,NA,NA,NA,NA,NA,NA,NA,NA,NA,4,4,2,5,3,4,1,1,1,1,1,1,3,2,2,3,3,1,3,3,4,2,5,5,1,2,1,3,2,2,3,3,1,2,2,2,1,1,2,1,2,3,2,1,1,1,5,4,2,5,679,"I wasn't sure if the pieces on the spatial rotation test were supposed to be the same as each other or if they were supposed to fit together.","Testing stereotype threat or anxiety in Asian Americans and test performance.","659db524feac2e6da6c43101",NA,NA,3.667,1,2.333,2.667,4.667,2.333,1.833,2.333,3.667
"Control",9,19,13,13,"75th percentile",2,3,2,1,3,2,3,2,3,3,NA,NA,NA,NA,NA,NA,NA,NA,NA,NA,NA,NA,NA,NA,NA,NA,NA,NA,4,2,1,4,3,2,3,4,4,4,4,4,1,1,1,3,1,1,4,3,1,2,4,4,3,3,4,1,2,3,2,1,1,1,4,3,3,3,396,NA,"The purpose of this study was to test spatial abilitiy","65e005d7bad0f1aa8f2ec0f9",2.2,2.6,NA,NA,2.667,3.667,4,2.167,2.167,2,3
"Implicit",10,25,6,10,"75th percentile",NA,NA,NA,NA,NA,NA,NA,NA,NA,NA,"Filipino","n/a",NA,NA,1,1,NA,NA,NA,NA,NA,NA,NA,NA,NA,NA,NA,NA,3,4,1,3,2,1,3,4,4,3,4,3,1,1,1,2,3,2,2,1,2,4,5,4,4,3,4,1,1,4,4,2,3,1,2,3,3,2,555,"I had issues with clicking the matched and unmatched buttons. Only a small portion of the button was clickable, despite prompting me to click on the whole rectangle. The precision needed to click the small dot is too much compared to the speed required by the test. Please fix the button sizes.","Measuring and predicting math ability based on someone's spatial reasoning skills.","5c76616a7fafbd00114723f5",NA,NA,NA,NA,2.333,3.333,3.667,2,2.667,2,2.667
"Explicit",13,21,4,6,"50th percentile",NA,NA,NA,NA,NA,NA,NA,NA,NA,NA,NA,NA,NA,NA,NA,NA,4,3,2,2,1,4,5,2,1,2,2,3,3,2,1,3,3,3,4,4,5,3,4,4,1,2,1,2,2,2,2,3,3,2,3,2,1,2,5,3,4,3,5,4,3,3,2,2,4,4,663,"Definitely felt a little pressure while performing the task","To see how well spatial rotation tasks correspond to mathematical ability","65cb72715efd7cd40fec44df",NA,NA,2.667,2.5,2.5,3.667,4.333,2.333,4,2.667,3.333
"Control",8,23,12,12,"75th percentile",2,3,1,4,3,3,4,2,5,3,NA,NA,NA,NA,NA,NA,NA,NA,NA,NA,NA,NA,NA,NA,NA,NA,NA,NA,5,1,1,5,5,1,5,5,5,5,5,5,1,1,1,5,1,1,5,5,1,2,5,3,3,2,5,5,5,3,2,2,3,4,1,3,4,4,442,NA,"To determine students' ability on math and their relation to it.","659616d78c849893b09541ec",2.6,3.4,NA,NA,3,5,5,3,3.667,2.667,3.667
"Implicit",13,22,10,9,"50th percentile",NA,NA,NA,NA,NA,NA,NA,NA,NA,NA,"Mandarin","Mandarin","Mandarin",NA,1,1,NA,NA,NA,NA,NA,NA,NA,NA,NA,NA,NA,NA,2,3,1,2,2,2,4,3,3,4,4,3,1,1,2,3,2,1,3,2,2,2,4,3,2,2,4,2,2,2,4,2,2,2,4,3,3,3,370,NA,"To test us on how we feel after completing a spatial rotation test and thoughts on our position or how we feel in school.","5fdce42b1976282fd3db47e4",NA,NA,NA,NA,2,3.667,3.333,2.167,2.667,2.667,3
"Explicit",13,21,3,3,"25th percentile",NA,NA,NA,NA,NA,NA,NA,NA,NA,NA,NA,NA,NA,NA,NA,NA,4,5,3,5,4,5,4,3,2,2,4,2,2,4,5,3,3,2,3,3,3,2,3,3,2,2,1,2,4,5,3,2,2,2,3,2,2,2,4,4,3,3,5,4,5,2,4,3,4,4,638,"This was a good experience","See how spatial recognition tasks correlate with math and see how many people agree that it is a good indicator of math skills.","65cb83b3dd72788ad453d725",NA,NA,4.333,2.833,3.167,2.667,3,3,3.833,3.667,3.667
"Implicit",7,21,5,6,"25th percentile",NA,NA,NA,NA,NA,NA,NA,NA,NA,NA,"Tagalog","Tagalog",NA,"50",1,2,NA,NA,NA,NA,NA,NA,NA,NA,NA,NA,NA,NA,4,2,1,4,4,2,4,4,5,4,4,4,1,1,1,3,2,1,3,3,2,3,5,3,2,2,4,2,2,3,2,2,5,2,2,4,4,3,602,"I haven't completed a spatial rotation assessment before so it was certainly an interesting experience. My major doesn't require advanced math (only statistics) and I haven't had a math course in two years, so I expected to score low on a standard math test. I wasn't expecting this type of assessment though. But I didn't have any technical issues while going through the survey. The instructions were easily comprehendable.","To compare our self-perception of our performance as a student based on a sudden ""exam"".","5d5809017d795e001988c0d4",NA,NA,NA,NA,2.833,4,4.333,2.333,2.5,3,3.667
"Explicit",12,31,7,4,"25th percentile",NA,NA,NA,NA,NA,NA,NA,NA,NA,NA,NA,NA,NA,NA,NA,NA,4,4,3,4,3,5,3,3,3,3,2,4,3,1,1,3,3,2,4,4,3,2,2,3,1,1,1,3,2,1,3,3,1,2,5,2,1,1,2,2,1,4,3,2,4,3,3,4,4,5,471,"Straightforward survey","I don't know.","60cf7074e1ea52a0f3450346",NA,NA,3.833,3,2.167,3.333,2.667,2.167,2.333,3.333,4.333
"Explicit",8,19,8,7,"50th percentile",NA,NA,NA,NA,NA,NA,NA,NA,NA,NA,NA,NA,NA,NA,NA,NA,4,4,5,3,4,4,4,3,3,2,4,4,5,1,1,5,1,1,5,5,5,5,5,5,1,2,2,5,1,1,5,1,1,3,5,3,3,4,1,1,1,5,1,1,4,1,3,5,5,5,693,"Maybe give examples of the task that match and don't match instead of letting users practice to let them know what matches and not easier","To collect data on how fast and accurate peoples mental math skills/thought process are when given a task","6578fbf39f92169f4d1cafd8",NA,NA,4,3.333,2.333,5,5,2.333,1.667,2.667,5
"Implicit",6,22,5,5,"25th percentile",NA,NA,NA,NA,NA,NA,NA,NA,NA,NA,"Cantonese","Cantonese","Cantonese",NA,2,1,NA,NA,NA,NA,NA,NA,NA,NA,NA,NA,NA,NA,3,4,2,2,3,3,3,4,4,3,4,4,1,2,1,2,4,4,2,2,4,3,3,3,3,2,4,2,2,2,2,2,4,3,3,4,3,3,494,"extend the time for the spatial rotation test; I understand that it is likely fast on purpose, but it went by so fast sometimes I just had to guess for the answer choices.","to determine self-image when it comes to math/academic competency","65cc267b79900fe02c7be21d",NA,NA,NA,NA,2.833,3.333,4,3,2.333,3.333,3.333
"Control",7,32,10,6,"25th percentile",4,5,4,3,4,4,4,3,5,4,NA,NA,NA,NA,NA,NA,NA,NA,NA,NA,NA,NA,NA,NA,NA,NA,NA,NA,2,3,3,1,2,4,4,4,3,3,4,2,1,1,1,2,4,5,1,1,4,5,5,3,3,2,4,5,4,1,3,3,3,3,4,3,3,2,499,"It was difficult with such little time to rotate them in my mind.","to test math skills","60b964cbdd0817815f7c3d32",4,4,NA,NA,2.5,3.667,3,2.833,3.333,3.333,2.667
"Implicit",11,28,7,8,"50th percentile",NA,NA,NA,NA,NA,NA,NA,NA,NA,NA,NA,"none",NA,NA,2,2,NA,NA,NA,NA,NA,NA,NA,NA,NA,NA,NA,NA,4,1,1,3,1,3,2,2,3,2,3,1,1,1,1,3,3,1,2,1,3,2,5,3,3,3,2,3,4,2,3,3,1,1,5,3,3,3,619,"It was fun!","To see how people test","57619c099fce230007797320",NA,NA,NA,NA,2.167,2,2.333,2.167,2.833,2.333,3
"Explicit",7,24,10,10,"50th percentile",NA,NA,NA,NA,NA,NA,NA,NA,NA,NA,NA,NA,NA,NA,NA,NA,3,4,4,4,4,4,3,3,1,1,1,1,3,2,1,2,2,3,2,3,3,2,2,3,1,1,1,3,3,1,2,2,3,2,1,1,1,1,1,1,1,2,3,2,1,2,4,3,4,2,545,"Instructions were a bit unclear for the game part of the study.","Self perception of racial minority students?","6595c5f627a60ea2fe4f76d0",NA,NA,3.833,1.667,2.167,2.333,2.667,2.333,1.667,2.333,3
"Implicit",7,37,6,5,"25th percentile",NA,NA,NA,NA,NA,NA,NA,NA,NA,NA,"Khmer","Khmer","Khmer",NA,2,1,NA,NA,NA,NA,NA,NA,NA,NA,NA,NA,NA,NA,4,1,1,3,5,1,4,4,2,1,2,2,2,1,1,2,3,1,3,3,1,4,3,2,2,1,2,2,2,4,2,1,1,1,5,4,5,4,662,NA,"Student perceptions in the academic setting.","65a2bed50652b97162516095",NA,NA,NA,NA,2.5,3,2,2.167,2.167,2.333,4.333
"Control",9,24,10,8,"50th percentile",3,2,2,5,4,2,2,2,5,3,NA,NA,NA,NA,NA,NA,NA,NA,NA,NA,NA,NA,NA,NA,NA,NA,NA,NA,4,1,1,4,3,1,5,5,5,5,5,1,1,1,1,4,1,1,4,3,1,2,4,4,3,3,5,2,4,1,3,3,4,5,1,2,4,3,426,"this study made me reflect a lot","how we feel about our abilities","6518707116415d421f5638b6",3.2,2.8,NA,NA,2.333,5,3.667,2.333,3,3.333,3
"Control",7,24,10,5,"50th percentile",4,3,1,3,3,2,3,1,4,1,NA,NA,NA,NA,NA,NA,NA,NA,NA,NA,NA,NA,NA,NA,NA,NA,NA,NA,2,2,1,2,3,1,2,2,2,1,3,3,1,1,2,2,2,1,2,3,1,2,2,2,2,2,3,1,1,3,2,2,3,2,3,2,2,2,431,"n/a","testing my math ability through spatial rotation task","65cbc1d0a484bea2b24153c2",2.8,2.2,NA,NA,1.833,1.667,2.667,1.833,2,2.667,2
"Implicit",9,19,8,6,"25th percentile",NA,NA,NA,NA,NA,NA,NA,NA,NA,NA,"Tagalog","N/A",NA,"10",1,1,NA,NA,NA,NA,NA,NA,NA,NA,NA,NA,NA,NA,3,1,1,4,4,1,3,3,2,2,2,3,1,1,1,4,1,1,3,4,1,2,5,2,1,1,2,2,3,3,2,2,3,2,4,3,5,5,389,NA,"To test stress in comparison to doing tasks","651d2cdc7b87b2219dde8dd8",NA,NA,NA,NA,2.333,2.667,2.333,2.333,2.333,3,4.333
"Control",11,20,6,7,"50th percentile",3,3,3,2,3,2,3,3,3,3,NA,NA,NA,NA,NA,NA,NA,NA,NA,NA,NA,NA,NA,NA,NA,NA,NA,NA,4,2,1,3,3,1,4,4,3,2,3,2,1,1,1,2,3,1,2,2,2,4,4,2,2,2,4,2,2,3,2,1,2,1,4,2,3,2,803,NA,"determine the effects of short term stress on an individuals mood and their perceptions of self and their self identity","65cbdfcbb1aedbf22034d8fd",2.8,2.8,NA,NA,2.333,3.333,2.667,2,2.333,2.333,2.333
"Explicit",10,20,10,9,"50th percentile",NA,NA,NA,NA,NA,NA,NA,NA,NA,NA,NA,NA,NA,NA,NA,NA,3,3,3,5,4,5,3,3,1,4,2,3,3,2,1,3,2,1,5,4,5,5,5,5,1,1,1,2,3,1,1,2,4,5,5,2,1,2,5,4,5,2,5,5,4,5,4,3,4,2,510,"interesting that i could predict how many i got right on the spatial recognition test...","judge how perceptions of university correlate with ability to do well on mathematics tasks","6584777affe8fe48f8bab87f",NA,NA,3.833,2.667,2,4.667,5,2.167,4.333,4.333,3
"Explicit",8,26,6,4,"25th percentile",NA,NA,NA,NA,NA,NA,NA,NA,NA,NA,NA,NA,NA,NA,NA,NA,4,2,3,3,4,2,3,2,3,2,3,3,2,4,3,1,1,2,5,4,4,3,4,5,2,1,2,2,3,2,2,1,2,3,3,4,3,2,5,4,3,3,4,4,3,4,1,3,4,5,552,"I was not in a very good mindset when I participated, but I did the best I could. I had just gotten a bad grade back that brought my average down about 5% and it made me stressed and not very responsive. Sorry if that affected anything","To judge math ability and how one perceives their ability based on race and math assumptions","65cb63a9363a0647682c06e7",NA,NA,3,2.667,2.167,4,4.333,2,3.833,2.667,4
"Explicit",7,24,6,6,"50th percentile",NA,NA,NA,NA,NA,NA,NA,NA,NA,NA,NA,NA,NA,NA,NA,NA,3,3,2,1,2,4,3,2,1,1,3,2,3,2,2,3,2,2,4,4,3,4,3,3,1,1,1,3,3,2,2,2,2,2,4,3,2,2,4,4,4,4,4,4,3,3,4,3,3,3,498,"good to know I did better than I thought","To see if there's any correlation between being good at math and being Asian-American","63de07747845d88c4962eff2",NA,NA,2.5,2,2.333,4,3,2.333,4,3.333,3
"Implicit",14,23,10,8,"50th percentile",NA,NA,NA,NA,NA,NA,NA,NA,NA,NA,"Mandarin Chinese, Farsi","Mandarin Chinese, Japanese","Mandarin Chinese",NA,2,1,NA,NA,NA,NA,NA,NA,NA,NA,NA,NA,NA,NA,4,1,1,4,3,2,2,2,3,2,3,3,1,1,1,4,1,1,4,3,2,2,3,1,1,1,4,1,2,3,2,3,3,3,2,4,4,4,1165,NA,"If people see themselves differently when told the task is a measurement of their abilities","5d17ce93ac37cd0019535088",NA,NA,NA,NA,2.5,2,3,2.5,2.5,2.667,4
"Control",7,23,8,6,"25th percentile",2,3,2,4,3,1,3,2,5,3,NA,NA,NA,NA,NA,NA,NA,NA,NA,NA,NA,NA,NA,NA,NA,NA,NA,NA,2,3,3,2,2,4,4,4,4,4,3,3,1,1,1,2,3,2,2,2,2,3,4,3,3,2,4,3,4,3,4,4,4,4,2,3,3,3,701,"I thought this survey was very interesting to do overall.","Evaluate the relationship between performance in math skills and racial identity.","655f96c00e4ff12b60147004",2.8,2.8,NA,NA,2.667,4,3.333,2.167,3.667,3.333,3
"Control",11,29,4,5,"50th percentile",3,2,1,4,2,3,2,1,4,2,NA,NA,NA,NA,NA,NA,NA,NA,NA,NA,NA,NA,NA,NA,NA,NA,NA,NA,2,1,2,3,2,3,5,5,4,5,4,4,1,1,1,1,4,4,1,1,3,4,3,2,1,1,3,2,2,4,4,4,3,2,1,4,5,5,576,"The video would always have the pause button for the first few seconds of the spatial reasoning task and would get in the way","To see how a student would determine their ability in school based on this task and how much imposter syndrome affects them","6535d3f1b4ff80adff474548",2.4,2.4,NA,NA,2.167,5,4,2.333,3.167,2,4.667
"Implicit",6,19,8,5,"50th percentile",NA,NA,NA,NA,NA,NA,NA,NA,NA,NA,"Chinese","None",NA,NA,1,1,NA,NA,NA,NA,NA,NA,NA,NA,NA,NA,NA,NA,4,2,2,4,4,2,4,4,4,4,5,4,1,2,1,4,2,1,4,4,2,3,4,2,1,1,5,4,2,3,4,4,4,3,3,3,3,4,500,"The spacial rotation task was confusing because I feel like sometimes I was unable to answer the question while other times the video did not play at all","To measure our spacial rotation","65d515989a6328b0ad497f36",NA,NA,NA,NA,3,4,4.333,2.833,3.667,3.333,3.333
"Explicit",7,26,3,3,"25th percentile",NA,NA,NA,NA,NA,NA,NA,NA,NA,NA,NA,NA,NA,NA,NA,NA,3,4,2,3,3,5,3,4,1,2,4,3,5,1,1,5,5,1,5,5,5,5,5,5,1,2,2,3,2,2,1,2,2,3,3,3,3,3,5,3,3,3,4,4,5,5,4,2,2,2,523,NA,"To test performance under timed test","65cb677d302a5cea87dfdd37",NA,NA,3.333,2.833,3,5,5,2,3.667,4.667,2
"Implicit",7,27,1,4,"10th percentile",NA,NA,NA,NA,NA,NA,NA,NA,NA,NA,"Mandarin","Mandarin","Mandarin","25",1,1,NA,NA,NA,NA,NA,NA,NA,NA,NA,NA,NA,NA,5,2,1,4,5,3,5,5,5,4,4,5,1,1,1,1,4,4,2,2,3,5,5,4,4,3,2,3,4,3,2,2,4,2,2,3,5,5,1212,"I enjoyed this task despite not being good at math.","The purpose of the study is for the participant to display a clear understanding of spatial rotation tasks using mathematical reasonings.","62a25c61a50ccd1ffb6729fb",NA,NA,NA,NA,3.333,4.667,4.667,2.667,2.667,2.667,4.333
"Explicit",9,23,15,15,"75th percentile",NA,NA,NA,NA,NA,NA,NA,NA,NA,NA,NA,NA,NA,NA,NA,NA,4,4,3,2,2,5,4,2,3,2,2,3,3,2,1,2,3,2,5,5,5,5,5,5,1,1,1,2,2,1,3,3,2,2,5,2,2,2,1,2,1,4,3,3,2,1,4,1,5,5,670,"n/a","to see how we felt before and after having to complete a task","60fd359f395ac99c398b8b26",NA,NA,3.333,2.667,2.167,5,5,2.167,2.333,2.333,3.667
"Control",10,24,10,9,"75th percentile",4,5,4,2,4,3,3,4,3,3,NA,NA,NA,NA,NA,NA,NA,NA,NA,NA,NA,NA,NA,NA,NA,NA,NA,NA,4,2,1,3,2,3,5,5,5,3,4,4,1,1,2,2,3,2,2,2,3,3,3,3,2,2,4,3,2,3,1,1,1,1,3,5,4,4,734,"Possibly show the images for longer, sometimes I would get my answer at the last second but the auto skip wouldn't let me register in my answer so it was a little frustrating","To test spacial awareness","65828151504edb3149e2db58",3.8,3.2,NA,NA,2.5,4.333,4.333,2.333,2.333,1.667,4.333
"Control",8,21,10,7,"25th percentile",4,4,4,4,4,2,3,3,3,4,NA,NA,NA,NA,NA,NA,NA,NA,NA,NA,NA,NA,NA,NA,NA,NA,NA,NA,4,1,1,4,4,1,4,4,4,3,4,4,1,2,1,4,2,1,3,3,1,3,4,2,1,1,5,1,1,3,2,1,5,4,2,3,3,3,432,"N/A","I think the purpose is to see if performing well or badly on something affects your self-identity at school","5d6813419431030016281222",4,3,NA,NA,2.5,3.667,4,2.333,2.167,3.667,3
"Explicit",8,21,10,10,"25th percentile",NA,NA,NA,NA,NA,NA,NA,NA,NA,NA,NA,NA,NA,NA,NA,NA,3,4,3,4,3,5,2,2,1,4,3,4,4,1,1,4,3,3,4,4,4,3,4,4,4,1,2,4,2,1,4,3,2,3,3,2,1,1,2,1,3,2,4,4,4,1,5,1,1,1,533,"I found the topic interesting.","To gather data around the spatial rotation task.","65cefa3bddb7be095ddde1af",NA,NA,3.667,2.667,2.667,3.667,4,2.667,2.667,3.333,1
"Implicit",11,25,10,3,"25th percentile",NA,NA,NA,NA,NA,NA,NA,NA,NA,NA,"Chinese","Chinese, Japanese","Chinese",NA,2,1,NA,NA,NA,NA,NA,NA,NA,NA,NA,NA,NA,NA,3,3,3,3,3,3,3,3,3,3,3,3,1,2,2,3,3,3,3,3,3,4,4,3,2,2,4,3,3,3,3,3,4,3,3,2,2,2,374,NA,NA,"5d4f8945dec7eb0019a030e8",NA,NA,NA,NA,3,3,3,3,3.167,3.333,2
"Control",8,24,5,6,"25th percentile",3,3,3,4,3,3,3,2,3,3,NA,NA,NA,NA,NA,NA,NA,NA,NA,NA,NA,NA,NA,NA,NA,NA,NA,NA,2,3,2,2,2,3,4,3,4,3,3,3,1,2,1,1,3,3,1,2,3,3,4,2,1,1,4,3,3,2,3,3,3,3,2,4,4,4,609,NA,"Perception of self with performance of a task","655feb8d6493ccbb55c26c59",3.2,2.8,NA,NA,2.333,3.333,3.333,2.167,3,2.667,4
"Explicit",12,20,14,6,"25th percentile",NA,NA,NA,NA,NA,NA,NA,NA,NA,NA,NA,NA,NA,NA,NA,NA,5,4,3,3,3,4,3,2,2,1,2,2,3,1,1,3,3,1,2,3,3,2,4,5,1,1,1,3,2,1,2,2,1,4,3,3,2,2,4,3,3,3,4,3,2,2,4,3,3,3,554,"The items on the test took a while to load so I had less time to answer","Perceptions of yourself after a test on math abilities","65dd3e88b21f223565a33e7a",NA,NA,3.667,2,2,2.333,4,1.833,3.333,2.667,3
"Implicit",13,32,7,7,"50th percentile",NA,NA,NA,NA,NA,NA,NA,NA,NA,NA,"Japanese","Japanese",NA,"25",2,2,NA,NA,NA,NA,NA,NA,NA,NA,NA,NA,NA,NA,5,2,1,3,5,3,4,4,5,4,4,4,1,2,2,5,2,1,5,5,2,1,1,3,1,1,1,1,1,3,4,4,4,4,2,4,3,3,504,NA,"race vs self image","6413a7cd7df0a6b1d2b69d0c",NA,NA,NA,NA,3.167,4,4.333,3.333,2.333,3.333,3.333
"Control",10,24,6,4,"25th percentile",4,4,2,3,4,3,3,1,4,3,NA,NA,NA,NA,NA,NA,NA,NA,NA,NA,NA,NA,NA,NA,NA,NA,NA,NA,2,2,1,2,2,1,2,3,3,2,3,3,1,2,2,2,3,2,2,2,1,3,4,2,2,2,4,3,2,3,4,3,3,1,5,4,4,4,566,"I was surprised to see my score was higher than expected. I'm interested in what the average score is. I don't think of myself as being particularly strong at math so it'd be interesting to see if the results of this study correlate with math ability.","To assess how well people perform on the spatial rotational assignment versus how they perceive of themselves as students.","65d7b446ca577d62cd087569",3.4,2.8,NA,NA,1.667,2.333,3,2,3.167,3,4
"Implicit",9,20,15,5,"25th percentile",NA,NA,NA,NA,NA,NA,NA,NA,NA,NA,"Vietnamese","Vietnamese, Spanish","Vietnamese",NA,1,1,NA,NA,NA,NA,NA,NA,NA,NA,NA,NA,NA,NA,4,2,1,4,4,1,4,4,5,5,5,5,1,2,2,4,2,2,4,4,2,5,5,3,1,1,5,5,5,2,4,4,5,5,3,5,4,5,469,"Im pretty bad at math but I tried my hardest","How people perceive things","651848d6ccd4f7b31d6534e7",NA,NA,NA,NA,2.667,4.333,5,3,4.167,4.333,4.667
"Implicit",6,22,2,4,"25th percentile",NA,NA,NA,NA,NA,NA,NA,NA,NA,NA,"Korean","Korean, German","Korean","5",2,1,NA,NA,NA,NA,NA,NA,NA,NA,NA,NA,NA,NA,4,2,1,4,3,2,4,4,3,3,4,4,1,1,1,3,3,2,3,3,2,3,4,3,2,2,5,2,2,4,4,4,3,2,3,5,5,5,361,NA,"test performance of a spatial rotation task on peoples' self-worth as a student","5ec796fd756dc001ff4d9c4e",NA,NA,NA,NA,2.667,3.667,3.667,2.667,3.5,2.667,5
"Implicit",11,29,10,10,"50th percentile",NA,NA,NA,NA,NA,NA,NA,NA,NA,NA,"Vietnamese","Vietnamese",NA,NA,2,1,NA,NA,NA,NA,NA,NA,NA,NA,NA,NA,NA,NA,2,3,2,2,2,2,2,2,2,2,2,2,1,1,1,2,2,1,2,2,1,2,3,2,2,2,2,1,1,3,2,2,1,1,3,2,2,2,567,"Make the 'matched' and 'unmatched' buttons easier to press instead of hitting a tiny bubble. I often misclicked which resulted in the time to run out before submitting an answer.","Pressure to perform based on racial demographics","65448b199021d3a8d55ae80e",NA,NA,NA,NA,2.167,2,2,1.667,1.833,1.667,2
"Explicit",8,25,13,10,"50th percentile",NA,NA,NA,NA,NA,NA,NA,NA,NA,NA,NA,NA,NA,NA,NA,NA,4,4,3,3,4,5,4,2,1,3,3,3,2,3,3,2,2,4,5,5,5,5,5,5,1,1,2,3,2,3,3,3,2,2,4,1,2,2,4,1,1,5,1,1,1,2,1,4,5,5,492,"None","To determine the correlation b/t spacial reasoning and math performance","65cb68847b06effcc3a96ffc",NA,NA,3.833,2.667,2.667,5,5,2.667,2.167,1.333,4.667
"Explicit",10,21,4,4,"25th percentile",NA,NA,NA,NA,NA,NA,NA,NA,NA,NA,NA,NA,NA,NA,NA,NA,3,3,2,3,3,4,4,2,1,2,2,3,3,2,1,3,3,2,5,5,4,4,3,3,1,1,1,3,2,1,3,3,2,3,4,1,1,1,4,1,1,3,4,2,4,3,3,3,3,4,548,"This experience felt similar to some tests that I used to take in elementary school to test for gifted students.","I think the purpose of this study is to see how students view their capability to do well in school and id it correlates to the task.","60feb9af1d56359bd85bb83f",NA,NA,3,2.333,2.333,4.667,3.333,2.333,2.5,3.333,3.333
"Implicit",13,21,7,8,"50th percentile",NA,NA,NA,NA,NA,NA,NA,NA,NA,NA,"chinese","chinese","chinese",NA,2,1,NA,NA,NA,NA,NA,NA,NA,NA,NA,NA,NA,NA,3,2,1,2,4,1,4,4,5,1,4,3,1,1,2,3,2,2,3,3,1,2,5,1,1,1,2,3,3,4,4,4,1,1,5,4,5,5,563,"It was a good survey. It was not confusing at all or difficult to understand.","How I feel as a student and how people perform on the spacial rotation task","65ac1f1f0cc1792287becdd7",NA,NA,NA,NA,2.167,3,4,2.333,3.333,2.333,4.667
"Control",9,19,10,10,"75th percentile",4,4,2,4,4,3,2,1,4,2,NA,NA,NA,NA,NA,NA,NA,NA,NA,NA,NA,NA,NA,NA,NA,NA,NA,NA,4,2,1,4,3,2,5,5,5,5,5,5,1,1,1,4,2,2,4,3,2,2,3,4,2,3,4,5,5,4,4,4,5,4,4,5,5,5,611,"Maybe have a practice for the task since I went in a little confused and missed the chance to input anything at first.","To determine how spatial understanding correlates with academic drive.","65c38feb18c3664f15255d47",3.6,2.4,NA,NA,2.667,5,5,2.833,4.333,4.333,5
"Explicit",9,21,3,3,"10th percentile",NA,NA,NA,NA,NA,NA,NA,NA,NA,NA,NA,NA,NA,NA,NA,NA,4,4,2,3,4,5,3,2,2,3,2,2,4,2,1,4,4,1,5,5,4,2,4,4,1,1,1,3,2,1,4,3,1,2,3,2,1,2,4,2,2,4,4,2,4,1,4,4,4,4,552,NA,"To determine if there is a relation between stress/pressure to succeed or perform well and performance","5766d657c8d7b400013782da",NA,NA,3.667,2.333,2.667,4,4,2.333,3,3,4
"Control",8,30,10,13,"50th percentile",5,5,3,1,5,5,4,4,1,5,NA,NA,NA,NA,NA,NA,NA,NA,NA,NA,NA,NA,NA,NA,NA,NA,NA,NA,3,2,1,3,4,2,5,5,5,5,5,5,1,1,1,5,1,1,5,5,1,2,5,2,3,3,5,1,1,3,3,3,2,2,1,2,2,2,647,"I am happy I got at least 8 correct","To see how our self-esteem is tied to how well we perform in math","6121874bf9343fff5be07860",3.8,3.8,NA,NA,2.5,5,5,3,2.667,1.667,2
"Implicit",12,26,6,5,"50th percentile",NA,NA,NA,NA,NA,NA,NA,NA,NA,NA,"Newari","Spanish, Newari","Newari","20",2,1,NA,NA,NA,NA,NA,NA,NA,NA,NA,NA,NA,NA,4,2,1,4,4,2,5,5,5,5,5,4,1,2,1,4,2,1,4,4,2,1,4,2,2,1,4,5,3,5,3,3,1,1,1,4,5,4,495,"the wording of matched vs unmatched for the answer choices could be confusing to participants","assess increases in stress when performing a task that participants are told that is indicative of their performance in a certain area such as math","651b4d20230393335347efdb",NA,NA,NA,NA,2.833,5,4.667,2.833,3.833,1,4.333
"Explicit",7,21,5,5,"25th percentile",NA,NA,NA,NA,NA,NA,NA,NA,NA,NA,NA,NA,NA,NA,NA,NA,4,4,2,4,2,4,4,1,2,2,2,3,5,2,1,4,4,1,4,4,4,4,4,4,1,1,1,4,2,1,3,4,1,4,4,2,1,1,4,1,3,4,4,4,3,1,3,3,4,4,416,NA,"To predict math ability","65cba86d7a1225e31f085d93",NA,NA,3.333,2.333,2.833,4,4,2.5,3.333,2.333,3.667
"Control",14,19,0,2,"25th percentile",5,5,2,4,2,3,2,1,4,2,NA,NA,NA,NA,NA,NA,NA,NA,NA,NA,NA,NA,NA,NA,NA,NA,NA,NA,3,3,1,2,2,3,3,3,4,2,3,3,1,1,1,2,4,3,1,1,4,4,4,2,2,1,4,4,4,2,4,4,2,3,4,3,4,3,594,"N/A","Reflection of university students' on their behavior on mathematical tasks","655fcf54056edf3065f74b91",3.6,2.4,NA,NA,2.333,2.667,3.333,2.5,3.667,3,3.333
"Implicit",15,26,12,10,"50th percentile",NA,NA,NA,NA,NA,NA,NA,NA,NA,NA,"Tagalog","None",NA,NA,2,2,NA,NA,NA,NA,NA,NA,NA,NA,NA,NA,NA,NA,4,1,1,4,3,2,3,3,4,3,4,4,1,1,1,4,1,1,4,4,2,1,5,3,2,2,1,1,1,2,2,1,4,4,5,3,4,4,478,"I thought the task was pretty simple. Although I do not really understand how the spatial rotation task related to one's math abilities, I'm sure there is a correlation somewhere.","To get insight from different students, and get a gauge on their mathematical abilities.","6133241aa65f56d5102b58f3",NA,NA,NA,NA,2.5,3,4,2.667,1.333,4.333,3.667
"Explicit",13,19,6,8,"75th percentile",NA,NA,NA,NA,NA,NA,NA,NA,NA,NA,NA,NA,NA,NA,NA,NA,4,3,3,5,4,5,5,4,1,3,3,4,5,2,1,4,4,1,4,4,5,2,5,5,1,2,1,2,4,3,2,4,3,4,5,4,2,2,4,4,4,4,1,1,5,4,1,4,2,3,499,"It was fun! I would maybe give a few more seconds to answer","To understand the effects of expectations on performance","65b57bfd15649e564a9cb166",NA,NA,4,3.333,2.833,3.333,5,3,3,3.333,3
"Control",8,21,10,6,"50th percentile",4,4,4,3,4,3,3,4,2,3,NA,NA,NA,NA,NA,NA,NA,NA,NA,NA,NA,NA,NA,NA,NA,NA,NA,NA,3,1,1,3,3,1,5,5,5,5,5,5,1,1,2,3,1,1,3,3,1,4,2,2,1,1,2,1,1,3,3,2,5,3,4,4,5,5,780,"Overall I had a good experience with this survey, but the test was very stressful given such a short time to pick an answer.","I am not sure what the actual purpose of this study is.","60fe0df0dff66fde69e4ca76",3.8,3,NA,NA,2,5,5,2,2,4,4.667
"Implicit",5,21,5,5,"50th percentile",NA,NA,NA,NA,NA,NA,NA,NA,NA,NA,"Urdu","Urdu","Urdu",NA,1,1,NA,NA,NA,NA,NA,NA,NA,NA,NA,NA,NA,NA,4,1,1,4,3,1,2,2,2,2,2,2,1,2,1,3,2,1,3,3,1,2,4,1,1,1,2,1,1,2,4,2,3,2,4,1,1,1,627,"Found the spatial rotation task to be kind of difficult - it looked as if they all matched.","To determine student perceptions of their how their racial identity affect academic mindset","5fe2ca269568d5e8f57933aa",NA,NA,NA,NA,2.333,2,2,2.167,2,3,1
"Explicit",7,35,10,10,"75th percentile",NA,NA,NA,NA,NA,NA,NA,NA,NA,NA,NA,NA,NA,NA,NA,NA,3,4,3,3,3,3,4,4,2,3,3,3,4,1,1,4,1,1,3,3,1,2,2,2,1,1,1,4,1,1,4,1,1,1,4,3,3,3,1,1,1,3,1,1,1,1,5,2,2,2,613,"Picture guidance may help","How confidence you believe your math skill is","5f4c9e74da9c148b0d42ecbd",NA,NA,3.167,3.167,2,2.667,1.667,2,1.333,2.333,2
"Control",13,23,12,10,"50th percentile",3,3,3,3,3,2,2,2,4,3,NA,NA,NA,NA,NA,NA,NA,NA,NA,NA,NA,NA,NA,NA,NA,NA,NA,NA,2,3,3,2,2,4,3,3,3,2,3,3,1,1,1,2,3,2,2,2,3,2,3,2,1,1,3,2,2,2,2,2,4,4,4,2,2,2,387,NA,"To see if testing us affected how we felt (stressed, etc.)","65cbb3d32c041c0246861728",3,2.6,NA,NA,2.667,2.667,3,2.333,2.167,4,2
"Implicit",11,21,7,7,"50th percentile",NA,NA,NA,NA,NA,NA,NA,NA,NA,NA,"Hindi, Kannada","Kannada","Kannada",NA,2,1,NA,NA,NA,NA,NA,NA,NA,NA,NA,NA,NA,NA,4,2,2,4,4,1,5,5,5,5,4,5,1,1,1,4,2,2,4,4,3,3,4,2,3,3,5,3,3,2,3,3,3,3,2,4,4,4,1521,NA,"Check spatial recognition vs math importance","6526437a858fe5cdc54aa8aa",NA,NA,NA,NA,2.833,5,4.667,3.167,3.167,2.667,4
"Explicit",14,19,12,10,"50th percentile",NA,NA,NA,NA,NA,NA,NA,NA,NA,NA,NA,NA,NA,NA,NA,NA,2,4,3,5,3,4,3,1,1,3,3,2,2,2,1,2,2,1,3,2,3,1,3,3,1,2,2,2,2,1,2,2,1,2,4,2,2,2,3,2,2,2,3,1,2,1,5,2,5,3,564,"good survey","to compare how people think about their performance vs how they actually perform","65cbf2dac04ba503f9d77db1",NA,NA,3.5,2.167,1.667,2,3,1.667,2.167,2.667,3.333
"Implicit",11,19,8,10,"25th percentile",NA,NA,NA,NA,NA,NA,NA,NA,NA,NA,"Korean, Cantonese, Mandarin","None",NA,NA,1,2,NA,NA,NA,NA,NA,NA,NA,NA,NA,NA,NA,NA,5,1,1,4,4,3,5,5,5,4,5,4,1,1,2,5,2,1,5,4,3,2,2,2,1,1,2,1,1,4,5,1,3,1,3,4,5,5,643,"N/A","I am not sure","65cbafcc41914131784e9357",NA,NA,NA,NA,3,4.667,4.667,3.333,2.333,2.333,4.667
"Implicit",7,23,5,6,"50th percentile",NA,NA,NA,NA,NA,NA,NA,NA,NA,NA,"Chinese","Chinese","Chinese",NA,2,1,NA,NA,NA,NA,NA,NA,NA,NA,NA,NA,NA,NA,4,2,1,4,4,2,4,4,4,4,4,4,2,1,1,4,3,1,3,3,2,3,3,2,2,2,3,3,3,4,3,3,3,2,2,3,3,3,565,"the rotation task is too fast.","study the behavior of students","60d1129ad29dbe85a59b9c4a",NA,NA,NA,NA,2.833,4,4,2.667,3.167,2.333,3
"Explicit",11,28,4,3,"50th percentile",NA,NA,NA,NA,NA,NA,NA,NA,NA,NA,NA,NA,NA,NA,NA,NA,4,4,3,4,3,2,3,3,3,3,3,3,3,1,1,3,3,1,4,4,5,3,5,5,1,2,1,3,1,1,3,3,1,2,5,1,1,1,5,1,1,3,1,1,3,1,3,2,2,2,441,"The task was difficult but I'm surprised I did well on it.","To see people's opinion of whether the spatial rotation task is relevant to their math ability","601c696f0370f35c7883cf99",NA,NA,3.333,3,2,3.667,5,2,2,2.333,2
"Explicit",5,18,5,5,"25th percentile",NA,NA,NA,NA,NA,NA,NA,NA,NA,NA,NA,NA,NA,NA,NA,NA,5,4,2,4,4,5,5,2,2,3,3,3,3,2,1,2,2,2,3,3,4,3,3,3,1,1,2,3,2,1,2,2,2,4,2,2,1,1,4,4,4,3,4,4,4,3,3,5,5,4,1374,NA,"To understand the relation between spacial rotation and perceived intelligence","65d3ab06b782a47dfe23d572",NA,NA,4,3,2,3,3.333,2,3.833,3.333,4.667
"Control",13,26,12,10,"50th percentile",4,4,2,4,3,3,2,1,4,2,NA,NA,NA,NA,NA,NA,NA,NA,NA,NA,NA,NA,NA,NA,NA,NA,NA,NA,4,2,1,2,3,3,4,4,4,3,4,4,1,2,2,3,2,1,3,3,2,2,2,2,1,1,3,2,2,3,3,2,4,2,4,3,4,4,891,"N/A","To analyze the relationship between performance on a task and the desire to perform well relative to peers.","65cbc27d67dbfe5c4a5e8dcc",3.4,2.4,NA,NA,2.5,3.667,4,2.333,2.5,3.333,3.667
"Explicit",15,24,14,12,"75th percentile",NA,NA,NA,NA,NA,NA,NA,NA,NA,NA,NA,NA,NA,NA,NA,NA,3,4,2,3,2,4,3,2,2,2,2,3,4,1,1,3,2,1,4,3,3,3,4,3,1,2,2,4,2,2,3,2,1,3,5,2,2,2,2,1,1,4,4,2,2,1,3,2,2,2,413,"None","measure math ability based on race.","5f3ed1810c5d4f16e6375306",NA,NA,3,2.333,2,3.333,3.333,2.333,2.333,2,2
"Control",5,21,5,3,"25th percentile",5,5,5,5,5,3,3,2,4,3,NA,NA,NA,NA,NA,NA,NA,NA,NA,NA,NA,NA,NA,NA,NA,NA,NA,NA,3,2,1,3,2,2,5,4,5,4,5,5,1,1,1,2,3,2,2,1,2,4,3,1,1,1,4,4,4,4,4,4,3,1,4,4,4,4,444,NA,"Measure confidence levels after a stressful test","65cebd463eef719d72d57a90",5,3,NA,NA,2.167,4.333,5,2,4,2.667,4
"Implicit",6,38,6,5,"50th percentile",NA,NA,NA,NA,NA,NA,NA,NA,NA,NA,"Punjabi, Urdu, Saraki, PSL","Punjabi, Urdu","Punjabi, Urdu",NA,2,1,NA,NA,NA,NA,NA,NA,NA,NA,NA,NA,NA,NA,3,2,2,2,2,3,4,4,4,4,4,4,1,1,1,2,2,2,2,2,2,2,3,2,1,1,1,3,3,2,3,3,3,3,3,2,2,2,495,"n/a","to see a student feels based on their abilities and race","609d9d4ac5a6c58f5554af71",NA,NA,NA,NA,2.333,4,4,2,2.5,3,2
"Explicit",12,35,6,6,"25th percentile",NA,NA,NA,NA,NA,NA,NA,NA,NA,NA,NA,NA,NA,NA,NA,NA,5,5,3,5,4,5,3,2,1,4,2,3,1,2,2,1,1,2,3,3,3,3,3,3,1,2,2,1,4,3,1,1,3,4,4,2,1,1,5,3,3,2,3,3,2,4,4,2,2,2,480,"I feel so bad I answered the questions wrong after the task about math ability predictions. I was paying attention, I was just so flustered by the task I forgot the instructions.","See if math task is stressful","6084ed42816c57c9c113a795",NA,NA,4.5,2.5,1.5,3,3,2.167,3.167,3.333,2
"Implicit",10,29,5,5,"50th percentile",NA,NA,NA,NA,NA,NA,NA,NA,NA,NA,"Tamil","Tamil, Malayalam","Tamil",NA,2,1,NA,NA,NA,NA,NA,NA,NA,NA,NA,NA,NA,NA,3,3,2,3,3,3,4,4,4,1,2,2,1,2,2,3,3,1,3,3,2,2,3,3,3,3,4,3,1,3,5,5,4,3,3,2,3,2,524,NA,"To assess mathematical skills using spatial relations and to relate these findings to student's experiences.","60a56d405b073d046324f340",NA,NA,NA,NA,2.833,3,2.667,2.5,3.5,3.333,2.333
"Control",13,19,12,12,"75th percentile",4,5,4,2,5,2,3,3,4,4,NA,NA,NA,NA,NA,NA,NA,NA,NA,NA,NA,NA,NA,NA,NA,NA,NA,NA,3,4,2,3,3,4,4,4,4,2,4,2,4,2,1,2,4,1,3,2,1,2,4,3,2,1,5,2,2,2,2,3,5,2,3,2,3,3,623,"The video size was slightly too big so you had to constantly scroll down in order to answer ""matched"" vs. ""unmatched."" This is more of an aesthetic problem.","I think the purpose of this study was to test whether or not people were overly confident in their abilities based on what type of mood they tested in.","65d0fd191404636f46971776",4,3.2,NA,NA,3.167,3.333,3.333,2.167,2.667,3.333,2.667
"Implicit",13,19,10,10,"75th percentile",NA,NA,NA,NA,NA,NA,NA,NA,NA,NA,NA,"Korean",NA,NA,1,3,NA,NA,NA,NA,NA,NA,NA,NA,NA,NA,NA,NA,4,2,2,3,4,2,3,2,4,2,4,4,1,1,1,3,3,3,3,3,3,3,4,3,3,3,3,3,3,4,4,4,4,4,3,4,4,4,604,"this was a very intriguing survey, I enjoy doing these types of surveys","collect data of how people think","65e6240717a286c6ea84ea5f",NA,NA,NA,NA,2.833,2.333,4,3,3.5,3.667,4
"Explicit",8,19,13,9,"50th percentile",NA,NA,NA,NA,NA,NA,NA,NA,NA,NA,NA,NA,NA,NA,NA,NA,2,1,3,4,4,5,2,2,2,2,2,2,3,4,3,3,3,3,3,3,3,3,3,3,1,2,2,3,3,3,3,3,3,3,4,3,2,2,3,2,1,3,4,4,3,3,3,4,4,4,679,NA,"math in relation to race","65af49de258f4c49e40879ca",NA,NA,3.167,2,3.167,3,3,3,2.833,3,4
"Explicit",14,21,6,7,"25th percentile",NA,NA,NA,NA,NA,NA,NA,NA,NA,NA,NA,NA,NA,NA,NA,NA,5,5,1,1,3,5,4,2,1,1,3,4,3,3,3,3,2,3,3,4,3,4,4,3,1,2,1,2,4,1,2,1,2,3,5,3,2,2,5,2,1,2,2,2,3,4,4,2,2,2,727,"It was very interesting. I hope to come across studies that involve tasks such as this one in the future.","Find out the correlation between racial/ethnic identity and performance on spatial rotation tasks.","65e7268999edcabd9a220240",NA,NA,3.333,2.5,2.833,3.667,3.333,2,2.333,3.667,2
"Control",10,19,7,6,"25th percentile",4,4,4,2,4,2,2,3,1,3,NA,NA,NA,NA,NA,NA,NA,NA,NA,NA,NA,NA,NA,NA,NA,NA,NA,NA,4,2,1,3,4,1,5,5,5,4,4,4,1,2,2,3,3,1,2,3,1,4,3,2,1,1,5,4,1,2,2,3,3,3,3,4,4,4,400,"Time was stressful. Could have answered better with more time","Correlating people's self perception with how they think they do on a stressful task","65cb62019967e5393a786f30",3.6,2.2,NA,NA,2.5,4.667,4.333,2.167,2.833,3,4
"Explicit",13,24,9,7,"25th percentile",NA,NA,NA,NA,NA,NA,NA,NA,NA,NA,NA,NA,NA,NA,NA,NA,3,5,1,3,3,5,3,2,1,2,2,3,5,1,2,3,4,1,5,5,5,5,5,5,1,2,2,3,3,1,2,3,2,4,1,3,1,1,3,1,1,5,3,2,1,1,2,5,5,4,494,"it would be nice to have a timer count down so i knew how long i have on each task","to see if the performance on the task affects our mood","60fcf4fb9a5cdfcc26e4d121",NA,NA,3.333,2.167,2.667,5,5,2.333,2.5,1.333,4.667
"Control",7,23,10,5,"25th percentile",5,3,5,4,3,1,2,4,5,2,NA,NA,NA,NA,NA,NA,NA,NA,NA,NA,NA,NA,NA,NA,NA,NA,NA,NA,2,5,1,2,1,5,4,5,5,4,5,5,1,2,2,1,5,2,1,1,5,4,3,3,2,2,3,2,4,4,4,5,1,1,3,1,3,3,496,"It was hard and stressful! I enjoyed it!","I believe it was to test college student's math skills out.","65cb6bdcbe74d1e2ee5635fa",4,2.8,NA,NA,2.667,4.333,5,2.5,3.667,1.667,2.333
"Implicit",9,28,8,8,"75th percentile",NA,NA,NA,NA,NA,NA,NA,NA,NA,NA,"korean","spanish",NA,"33",1,1,NA,NA,NA,NA,NA,NA,NA,NA,NA,NA,NA,NA,4,2,1,3,4,2,5,5,5,5,5,5,1,1,1,4,2,1,4,4,2,2,4,4,4,4,3,3,2,3,3,3,3,3,1,1,2,1,365,NA,"Gauging mathematical perceptions","6608b738fefbe5050e02af04",NA,NA,NA,NA,2.667,5,5,2.833,2.833,2.333,1.333
"Explicit",9,20,5,5,"25th percentile",NA,NA,NA,NA,NA,NA,NA,NA,NA,NA,NA,NA,NA,NA,NA,NA,4,3,2,5,2,5,4,1,1,4,2,3,4,1,2,5,4,1,5,4,5,4,5,5,2,1,1,3,3,2,4,2,1,3,1,1,1,1,2,1,1,4,3,2,2,1,2,3,2,2,562,"The experience I had was fine as far as surveys go.","Find out whether being told if the task is a mathematical test or not impacts emotions after taking the test?","66088c59814ba8c63957669b",NA,NA,3.5,2.5,2.833,4.333,5,2.5,2.167,1.667,2.333
"Control",9,24,6,5,"25th percentile",4,3,2,2,4,2,3,2,4,3,NA,NA,NA,NA,NA,NA,NA,NA,NA,NA,NA,NA,NA,NA,NA,NA,NA,NA,2,4,2,3,3,4,5,2,3,2,3,2,2,2,1,1,4,2,3,3,4,3,4,2,1,1,4,3,4,4,5,4,2,1,5,5,5,4,1189,"The task was actually a lot harder than I expected even though I was pretty confident in my math skills. It was pretty fun to do!","I think it was to evaluate whether our thoughts coordinated with performance on the test.","663ad56043fe3dec6ceffacd",3,2.8,NA,NA,3,3,2.667,2.833,4,2.667,4.667
"Explicit",14,21,9,10,"50th percentile",NA,NA,NA,NA,NA,NA,NA,NA,NA,NA,NA,NA,NA,NA,NA,NA,4,5,2,3,2,5,3,2,1,1,3,3,4,2,1,4,4,1,4,3,4,3,4,4,1,1,1,3,2,1,3,2,1,3,3,2,2,3,4,4,4,3,3,2,2,2,3,2,2,2,518,"It was an interesting test","To see how people think of their performance and how worried they were about it","663e2edf6a7c9ca5acb9e968",NA,NA,3.5,2.167,2.667,3.333,4,2,3.333,2.333,2
"Implicit",7,19,7,7,"50th percentile",NA,NA,NA,NA,NA,NA,NA,NA,NA,NA,"Hindi","Hindi, Marathi",NA,"50",1,1,NA,NA,NA,NA,NA,NA,NA,NA,NA,NA,NA,NA,5,1,1,5,4,2,5,5,5,5,4,4,4,1,1,5,1,1,5,4,2,2,5,1,1,1,4,1,1,5,2,2,4,4,1,5,5,5,570,"The survey experience was great and smooth. I am very doubtful as to how spatial rotation skills translate to mathematics.","To see how people perform as compared to their expectations","663e4dc34e8e3add36082e13",NA,NA,NA,NA,3,5,4.333,3,2.5,3,5
"Implicit",7,58,11,11,"50th percentile",NA,NA,NA,NA,NA,NA,NA,NA,NA,NA,"bangla","bangla","bangla","33",2,1,NA,NA,NA,NA,NA,NA,NA,NA,NA,NA,NA,NA,4,3,4,3,2,4,4,3,4,3,2,4,1,2,2,4,3,4,2,4,3,4,4,4,3,4,4,2,4,4,3,4,3,4,3,3,4,4,1399,"nice","understanding","63eb78a1fc614fd7af392873",NA,NA,NA,NA,3.333,3.333,3.333,3.333,3.5,3.333,3.667
"Control",9,23,10,8,"25th percentile",3,2,3,2,3,3,2,2,2,2,NA,NA,NA,NA,NA,NA,NA,NA,NA,NA,NA,NA,NA,NA,NA,NA,NA,NA,4,1,1,4,4,2,3,3,3,3,3,4,1,2,2,3,2,2,3,2,2,2,3,3,2,2,4,4,4,3,3,3,2,2,4,3,2,2,838,"N/A","Spatial Rotation and understanding and finding equal even if not given the correct orientation","662f9a14c5c60b3f545f1f79",2.6,2.2,NA,NA,2.667,3,3.333,2.333,3.5,2.667,2.333
"Explicit",8,27,8,4,"10th percentile",NA,NA,NA,NA,NA,NA,NA,NA,NA,NA,NA,NA,NA,NA,NA,NA,5,3,1,3,2,5,5,3,1,3,2,4,4,1,1,4,2,2,2,3,4,2,5,5,1,2,1,2,3,3,2,1,1,2,3,2,2,2,3,2,2,4,2,1,2,4,2,2,3,2,544,"I wont lie i still didnt really understand the spacial test too much i think i needed like an example of what i needed to look for but otherwise i had fun","To see if ones own preception on race effects their emotion or feeling when they do a task and they fail or if that race has anything to do with academic self worth?","58f7cdd4c31d4d00015aac83",NA,NA,3.167,3,2.333,2.333,4.667,2,2.333,2.667,2.333
"Control",9,39,10,10,"50th percentile",3,4,4,5,4,3,4,3,5,3,NA,NA,NA,NA,NA,NA,NA,NA,NA,NA,NA,NA,NA,NA,NA,NA,NA,NA,4,1,1,4,3,3,4,4,5,4,5,4,1,1,1,4,1,1,4,3,3,3,4,3,3,2,2,1,2,3,4,4,3,2,3,2,4,4,684,"Never heard of spatial rotation is related to math abilities, learned something new today!","To evaluate different racial groups and how they performed under stress and if they associated strongly their skills to their race.","663a97f67384957d9d8f385c",4,3.6,NA,NA,2.667,4,4.667,2.667,2.667,2.667,3.333
"Control",7,29,10,8,"75th percentile",5,5,5,5,4,5,5,5,5,4,NA,NA,NA,NA,NA,NA,NA,NA,NA,NA,NA,NA,NA,NA,NA,NA,NA,NA,3,5,4,3,3,5,4,4,5,4,5,5,1,1,1,4,4,4,3,4,5,3,4,4,4,4,5,5,5,4,5,4,4,5,2,4,5,5,408,"Would like to participate in further studies like this","Memory","6616d254fa6776470f26693a",4.8,4.8,NA,NA,3.833,4,5,4,4.667,3.667,4.667
"Explicit",13,20,7,6,"50th percentile",NA,NA,NA,NA,NA,NA,NA,NA,NA,NA,NA,NA,NA,NA,NA,NA,3,4,3,4,3,5,2,3,2,3,3,4,3,1,1,3,3,1,2,3,3,2,3,3,1,1,1,2,2,1,2,2,2,2,4,2,2,2,2,2,2,3,3,2,1,1,5,2,2,2,518,"I was surprised to discover that I scored that high, I felt that I performed poorly","How well Asian Americans perform a reasoning task when given context that may increase stress/expectations","6630f618f66e307e78fc37d3",NA,NA,3.667,2.833,2,2.333,3,1.833,2.333,2.333,2
"Explicit",9,24,8,6,"50th percentile",NA,NA,NA,NA,NA,NA,NA,NA,NA,NA,NA,NA,NA,NA,NA,NA,3,4,2,1,4,5,4,2,3,3,2,4,3,4,3,3,2,1,4,5,5,3,5,5,1,1,1,1,4,3,2,2,3,3,2,2,1,1,5,5,2,4,4,3,4,4,2,2,3,3,688,"Good experience, thank you!","To assess if expected and perceived performance on a math skills diagnostic task will affect feelings of relaxation, tenseness, etc.","5eb342dff78ab11407daf144",NA,NA,3.167,3,2.667,4,5,2.5,3.833,3.333,2.667
"Implicit",8,29,7,7,"25th percentile",NA,NA,NA,NA,NA,NA,NA,NA,NA,NA,"Sinhala","A little bit of Sinhala, yet cannot speak or write.",NA,NA,2,1,NA,NA,NA,NA,NA,NA,NA,NA,NA,NA,NA,NA,2,3,2,3,3,3,5,5,4,3,5,5,1,1,1,2,3,2,2,2,3,3,4,2,2,1,2,2,3,4,3,4,3,1,2,2,3,3,1795,"I did a lot better than I thought!","To test math abilities based off the test of spiral rotation.","6633e268ec8acacf2fa1cfbb",NA,NA,NA,NA,2.667,4.333,4.667,2.333,3,2,2.667
"Control",12,26,10,5,"25th percentile",3,3,4,1,3,1,1,1,4,1,NA,NA,NA,NA,NA,NA,NA,NA,NA,NA,NA,NA,NA,NA,NA,NA,NA,NA,3,1,1,3,2,2,4,3,2,4,2,2,1,2,2,1,3,3,1,1,2,3,3,2,1,1,3,3,2,3,3,3,2,2,3,4,4,4,914,NA,"spatial test","5e9f281727351506481d24de",2.8,1.6,NA,NA,2,3.667,2,1.833,2.833,2.333,4
"Implicit",7,33,7,4,"25th percentile",NA,NA,NA,NA,NA,NA,NA,NA,NA,NA,NA,"tagalog",NA,NA,2,2,NA,NA,NA,NA,NA,NA,NA,NA,NA,NA,NA,NA,5,1,1,5,5,2,4,5,4,4,2,4,1,1,1,5,1,1,5,5,2,4,2,4,4,5,5,5,5,2,3,3,1,1,4,4,4,5,399,NA,"to see the student's math performance and ability","6630f65787a5df4d02cb99e1",NA,NA,NA,NA,3.167,4.333,3.333,3.167,3.833,2,4.333
"Implicit",7,20,5,4,"25th percentile",NA,NA,NA,NA,NA,NA,NA,NA,NA,NA,"Tamil","Tamil","Tamil",NA,1,1,NA,NA,NA,NA,NA,NA,NA,NA,NA,NA,NA,NA,5,1,1,5,4,1,5,3,4,4,3,4,2,1,2,4,1,1,4,3,2,2,5,2,1,1,1,1,1,3,3,4,3,1,2,3,5,5,391,NA,"To see how a person's views on their current mental health state and how they feel about themselves as a student affects their computational ability","5ed273dba2d0730b1d9c79d6",NA,NA,NA,NA,2.833,4,3.667,2.5,2.167,2,4.333
"Control",9,24,3,5,"50th percentile",3,2,1,1,4,4,3,2,2,3,NA,NA,NA,NA,NA,NA,NA,NA,NA,NA,NA,NA,NA,NA,NA,NA,NA,NA,3,2,1,4,5,1,2,3,3,3,2,2,1,1,1,2,3,2,1,3,3,3,5,4,2,2,1,3,1,2,2,2,4,2,3,4,2,1,621,NA,"how quickly we can determine if two images of 3d blocks are the same","660853b2258943764a2a365b",2.2,2.8,NA,NA,2.667,2.667,2.333,2.333,1.833,3,2.333
"Explicit",11,31,10,8,"50th percentile",NA,NA,NA,NA,NA,NA,NA,NA,NA,NA,NA,NA,NA,NA,NA,NA,5,5,5,5,5,5,4,4,5,5,5,4,4,1,1,4,4,2,4,4,4,4,4,4,1,1,1,3,2,2,4,3,3,2,3,3,2,2,4,1,2,1,4,4,3,3,4,2,2,2,555,"it was fine","how asian americans see themselves","5ace650a436f550001004f87",NA,NA,5,4.5,2.667,4,4,2.833,2.667,3.333,2
"Implicit",8,24,5,3,"25th percentile",NA,NA,NA,NA,NA,NA,NA,NA,NA,NA,"Korean","Korean","Korean",NA,2,1,NA,NA,NA,NA,NA,NA,NA,NA,NA,NA,NA,NA,3,2,1,2,2,1,2,3,2,1,2,1,1,1,2,1,3,1,1,1,1,4,3,3,1,1,2,1,1,4,2,1,3,1,5,3,3,2,449,NA,"Testing self-perception of academic success and how it correlates to racial factors?","65f91231e10260ce66c137fe",NA,NA,NA,NA,1.833,2,1.667,1.333,1.833,3,2.667
"Implicit",14,26,10,9,"50th percentile",NA,NA,NA,NA,NA,NA,NA,NA,NA,NA,NA,"korean, japanese","korean",NA,1,1,NA,NA,NA,NA,NA,NA,NA,NA,NA,NA,NA,NA,4,1,1,4,4,1,3,2,2,2,2,2,1,1,1,3,2,1,2,2,3,3,5,2,2,2,2,4,4,2,4,4,1,2,5,2,4,2,540,NA,"Affects of performance based on what the surveyor assumes it being measured","60fe38317cb19f2601f75e05",NA,NA,NA,NA,2.5,2.333,2,2.167,3.333,2.667,2.667
"Control",10,29,8,6,"25th percentile",2,3,2,3,4,2,3,2,4,3,NA,NA,NA,NA,NA,NA,NA,NA,NA,NA,NA,NA,NA,NA,NA,NA,NA,NA,4,2,1,4,3,2,4,5,4,4,4,4,1,1,1,3,3,1,3,3,3,2,2,1,1,1,5,4,4,3,4,4,3,3,5,4,4,4,503,"Very interesting study. I really don't think task is characteristic of my math abilities.","Something related to stereotype threat because I remember specifically reading that the task would be an indicator of my ability to do math.","663ac66a7bde93c27976c6eb",2.8,2.8,NA,NA,2.667,4.333,4,2.667,4,3.667,4
"Explicit",7,22,5,5,"50th percentile",NA,NA,NA,NA,NA,NA,NA,NA,NA,NA,NA,NA,NA,NA,NA,NA,4,3,2,4,4,3,4,3,2,3,4,3,4,1,1,4,4,1,4,4,4,4,4,4,2,1,1,4,2,3,4,4,1,2,5,2,1,1,2,3,2,4,3,4,1,2,2,4,4,4,750,"It was interesting even though I'm not a fan of spatial activities","To determine if tasks increase stress level","655f972d8bea916cc48144de",NA,NA,3.333,3.167,2.5,4,4,3,3,1.667,4
"Implicit",9,21,6,6,"50th percentile",NA,NA,NA,NA,NA,NA,NA,NA,NA,NA,"Telugu","Telugu","Telugu",NA,2,1,NA,NA,NA,NA,NA,NA,NA,NA,NA,NA,NA,NA,3,2,1,2,2,3,2,3,4,2,3,2,1,1,1,3,2,1,3,3,1,1,2,1,1,1,2,1,1,1,1,1,1,1,3,2,2,3,560,"I enjoyed the task and would like to know more about it's relation to proficiency in math","not sure","5e9e207c1af35c1edbf976ca",NA,NA,NA,NA,2.167,2.333,3,2.167,1.167,1.667,2.333
"Explicit",15,27,10,8,"50th percentile",NA,NA,NA,NA,NA,NA,NA,NA,NA,NA,NA,NA,NA,NA,NA,NA,4,5,3,3,3,4,4,4,4,2,4,3,5,3,1,2,4,1,4,4,4,3,5,4,1,1,1,4,2,1,5,4,1,2,4,2,2,2,1,1,1,4,2,2,3,3,3,3,3,3,489,"It was interesting.","To test how well people do.","62ef8372cd41d2893d237b6b",NA,NA,3.667,3.5,2.667,3.667,4.333,2.833,1.833,3,3
"Control",14,31,3,3,"50th percentile",4,4,4,3,4,3,4,4,3,4,NA,NA,NA,NA,NA,NA,NA,NA,NA,NA,NA,NA,NA,NA,NA,NA,NA,NA,3,1,1,3,3,2,4,3,4,3,5,4,1,1,1,3,2,2,2,3,2,2,3,3,3,3,5,5,5,3,5,5,4,5,2,5,5,5,435,NA,"See how the activity we were told was reflective of our math ability would affect our self perception","5e5d730f62ff4608804ad7a5",3.8,3.6,NA,NA,2.167,3.333,4.333,2.333,4.667,3.667,5
"Explicit",6,19,4,2,"10th percentile",NA,NA,NA,NA,NA,NA,NA,NA,NA,NA,NA,NA,NA,NA,NA,NA,2,4,5,4,2,5,2,2,3,4,1,3,3,2,1,2,1,3,1,1,1,1,1,1,1,1,2,2,2,1,2,1,3,3,4,2,1,1,1,3,3,2,4,4,4,3,4,1,2,1,1007,"I'm sorry I got some of the attention questions wrong. I tried my best :(","To see how what we read and the questions about how well at math we perceive ourselves effects our score.","662ffd1137502b28471c6f35",NA,NA,3.667,2.5,2,1,1,1.833,2.833,3.667,1.333
"Implicit",8,19,7,6,"25th percentile",NA,NA,NA,NA,NA,NA,NA,NA,NA,NA,"Malay, Tamil","Spanish, French",NA,NA,1,2,NA,NA,NA,NA,NA,NA,NA,NA,NA,NA,NA,NA,3,2,1,3,3,2,5,5,5,5,5,5,1,1,1,2,3,1,2,2,2,4,2,1,1,1,5,4,1,4,3,2,2,3,1,1,2,2,487,"I wish I had more time on the spatial rotation task. I didn't realise it moved on automatically whether I answered or not","I don't know","65cb65eb9967e5393a787064",NA,NA,NA,NA,2.333,5,5,2,3.167,2,1.667
"Explicit",6,20,9,7,"50th percentile",NA,NA,NA,NA,NA,NA,NA,NA,NA,NA,NA,NA,NA,NA,NA,NA,4,3,1,2,3,3,4,2,2,2,3,2,3,1,1,3,3,2,4,4,4,4,4,4,1,1,1,3,1,1,3,3,2,2,4,2,2,2,4,3,3,3,3,3,3,3,2,4,4,4,387,"none","Pressure","6541804f4541b631646a39c0",NA,NA,2.667,2.5,2.167,4,4,2.167,3.167,2.667,4
"Control",15,18,10,9,"50th percentile",4,3,3,2,3,2,3,3,1,3,NA,NA,NA,NA,NA,NA,NA,NA,NA,NA,NA,NA,NA,NA,NA,NA,NA,NA,3,2,1,3,3,2,4,4,4,3,4,4,1,1,1,2,4,3,1,1,4,4,3,3,3,3,3,4,2,3,4,3,3,4,2,4,4,4,489,"N/A","Find correlation between student work and stress levels","664522bee2bdc9ec8b32ce64",3,2.4,NA,NA,2.333,3.667,4,2.5,3.167,3,4
"Implicit",8,28,7,7,"25th percentile",NA,NA,NA,NA,NA,NA,NA,NA,NA,NA,"Telugu","Telugu","Telugu",NA,1,1,NA,NA,NA,NA,NA,NA,NA,NA,NA,NA,NA,NA,3,2,2,3,3,2,5,5,5,5,5,5,1,1,1,2,2,3,2,2,2,3,1,1,1,1,5,3,2,5,3,3,1,1,5,4,4,4,515,"n/a","How framing the task influences performance.","5ee91afe009ed529a095019b",NA,NA,NA,NA,2.5,5,5,2.167,3.5,2.333,4
"Control",9,20,10,8,"50th percentile",3,4,3,2,5,2,4,3,3,3,NA,NA,NA,NA,NA,NA,NA,NA,NA,NA,NA,NA,NA,NA,NA,NA,NA,NA,3,2,2,2,3,2,4,3,4,3,4,4,1,2,1,1,3,3,1,1,2,4,1,2,1,1,3,2,2,4,4,4,4,2,4,4,4,4,504,NA,"How the want to do good may effect spatial rotation/math abilities","65a5bc46a459a1f1b5a8ade9",3.4,3,NA,NA,2.333,3.333,4,1.833,3.167,3.333,4
"Explicit",6,33,0,0,"10th percentile",NA,NA,NA,NA,NA,NA,NA,NA,NA,NA,NA,NA,NA,NA,NA,NA,4,4,2,1,4,5,4,3,2,2,4,4,4,1,1,3,3,2,4,4,3,4,3,3,2,1,1,1,4,4,1,1,3,4,1,2,1,1,5,5,5,2,2,3,4,4,2,4,4,4,1486,"none","spatial arrangement ability","5b07b71c68eff50001d1c859",NA,NA,3.333,3.167,2.333,4,3,2.333,3.667,3.333,4
"Implicit",15,21,10,12,"75th percentile",NA,NA,NA,NA,NA,NA,NA,NA,NA,NA,"Korean","Korean","Korean",NA,2,1,NA,NA,NA,NA,NA,NA,NA,NA,NA,NA,NA,NA,5,1,1,5,5,1,5,5,5,5,5,4,1,1,1,3,4,2,2,4,1,3,5,3,3,2,4,2,2,4,3,3,1,1,3,3,4,4,606,"thanks for giving the practice round first because I didn't realize I had to scroll down a bit to click on my answer.","To evaluate our spatial skills and see how it relates to our social perception","663ba5d47422800045733036",NA,NA,NA,NA,3,5,4.667,2.667,3,1.667,3.667
"Control",14,30,12,10,"50th percentile",3,3,4,2,4,4,4,4,4,4,NA,NA,NA,NA,NA,NA,NA,NA,NA,NA,NA,NA,NA,NA,NA,NA,NA,NA,2,3,3,1,2,3,5,5,5,5,5,5,2,1,2,1,3,2,1,2,3,2,2,3,2,2,4,1,1,4,3,1,1,1,5,2,1,1,1474,"None","Checking the effects of stereotype threat","6633a56b4295b8d6db0fc3c3",3.2,4,NA,NA,2.333,5,5,2,2.333,2.333,1.333
"Implicit",12,30,5,3,"25th percentile",NA,NA,NA,NA,NA,NA,NA,NA,NA,NA,"Tagalog","I understand Tagalog but I cannot speak it fluently.",NA,NA,2,1,NA,NA,NA,NA,NA,NA,NA,NA,NA,NA,NA,NA,2,4,5,1,2,4,4,4,4,2,4,4,1,1,1,2,5,4,1,1,4,4,5,3,3,2,4,5,4,2,4,5,4,4,4,4,4,4,654,"Thank you for the opportunity. I am surprised I did better than I thought I would.","I think the purpose of the study might have been to gauge how our racial identity and sense of belonging relates to our performance, especially when compared to others.","66318e4e73a797589e6cb745",NA,NA,NA,NA,3,3.333,4,2.833,4,4,4
"Explicit",6,18,10,6,"25th percentile",NA,NA,NA,NA,NA,NA,NA,NA,NA,NA,NA,NA,NA,NA,NA,NA,3,2,4,5,3,5,3,2,2,3,3,4,3,2,1,2,3,2,4,4,3,3,4,4,2,1,2,1,3,2,2,1,3,3,4,3,2,3,2,4,4,2,4,4,5,5,4,4,4,4,519,"N/A","To test the efficiency of the math test","663a4fff5643fe5aa830ed85",NA,NA,3.667,2.833,2.167,3.667,3.667,2,3.333,4.667,4
"Control",9,24,7,5,"50th percentile",2,2,2,2,2,3,1,2,2,2,NA,NA,NA,NA,NA,NA,NA,NA,NA,NA,NA,NA,NA,NA,NA,NA,NA,NA,3,2,1,2,2,2,3,4,5,5,5,5,1,1,1,4,1,1,2,2,2,1,5,3,2,3,1,1,1,3,2,2,1,1,5,2,2,2,812,"I was just surprised at my score","To show if you can determine how well you can spot rotations with models","5cc33788666a7c0017b159df",2,2,NA,NA,2,4,5,2,1.667,2.333,2
"Implicit",7,20,7,5,"50th percentile",NA,NA,NA,NA,NA,NA,NA,NA,NA,NA,"Chinese","Chinese and Spanish","Chinese","20",1,1,NA,NA,NA,NA,NA,NA,NA,NA,NA,NA,NA,NA,4,2,1,4,3,2,4,4,4,3,5,4,1,1,1,3,3,2,3,3,3,4,3,3,3,3,5,4,4,2,4,5,3,3,1,5,4,5,486,"N/A","Student confidence through a math test","65cb934601f9b112fdd44f26",NA,NA,NA,NA,2.667,3.667,4.333,2.833,4,2.333,4.667
"Explicit",8,26,7,5,"50th percentile",NA,NA,NA,NA,NA,NA,NA,NA,NA,NA,NA,NA,NA,NA,NA,NA,3,1,2,2,3,3,3,2,2,4,2,4,4,2,2,3,2,2,2,3,3,2,2,2,2,1,2,3,3,2,3,2,2,4,3,2,3,2,4,3,2,3,4,3,2,3,2,3,3,3,668,"none","how asians perceive themselves after doing good or bad","62786d651468033573297f2c",NA,NA,2.333,2.833,2.5,2.333,2.333,2.5,3.167,2.333,3
"Explicit",7,35,7,6,"50th percentile",NA,NA,NA,NA,NA,NA,NA,NA,NA,NA,NA,NA,NA,NA,NA,NA,5,4,3,3,4,5,4,4,3,2,4,5,4,1,1,4,4,1,4,4,3,4,3,3,1,1,1,4,1,1,3,2,1,3,3,1,1,1,3,2,2,4,4,4,2,2,2,4,4,4,1287,"It was not an easy task and i am really good at math and got 99th percentile in GRE so this is no way a reflection of mathematical abilities","To see how people do in pressure situations and if the test was a test of math ability according to people","6108649840bf2b927ef3905c",NA,NA,4,3.667,2.5,4,3,2,3.167,2,4
"Control",6,20,15,5,"50th percentile",5,4,2,2,4,2,3,4,2,4,NA,NA,NA,NA,NA,NA,NA,NA,NA,NA,NA,NA,NA,NA,NA,NA,NA,NA,2,4,3,2,1,3,1,2,2,2,2,2,1,2,2,1,3,2,2,2,1,2,3,2,2,1,4,5,4,3,4,4,2,4,3,3,4,4,894,"This was stressful","Test my math abilities","6636562df54f0f1dd32dc3b7",3.4,3,NA,NA,2.5,1.667,2,1.833,4,3,3.667
"Implicit",8,20,2,3,"25th percentile",NA,NA,NA,NA,NA,NA,NA,NA,NA,NA,"Telegu, Hindi","Telegu, Hindi","Telegu",NA,1,1,NA,NA,NA,NA,NA,NA,NA,NA,NA,NA,NA,NA,3,3,1,2,3,3,4,4,4,4,4,4,2,1,1,3,2,1,2,3,2,2,3,4,4,4,3,3,3,4,4,3,4,2,3,2,2,3,558,"No Feedback","Assessing spatial rotation ability","660ce8118af7c468fd0f996b",NA,NA,NA,NA,2.5,4,4,2.167,3.333,3,2.333
"Explicit",13,23,8,9,"75th percentile",NA,NA,NA,NA,NA,NA,NA,NA,NA,NA,NA,NA,NA,NA,NA,NA,3,5,3,4,3,5,3,3,3,3,3,2,4,1,1,4,3,1,3,4,3,1,4,4,2,1,1,4,1,1,4,4,1,2,3,3,3,2,3,2,2,2,1,2,3,3,4,5,5,5,911,"It was a good survey, no feedback","To see how well doing well/poorly on a task skewed self-image (Asian sample)","60102f287069fe2ba53c39cf",NA,NA,3.833,2.833,2.333,2.667,3.667,2.5,2,3.333,5
"Implicit",5,19,0,3,"25th percentile",NA,NA,NA,NA,NA,NA,NA,NA,NA,NA,"Bengali","Bengali","Bengali",NA,1,1,NA,NA,NA,NA,NA,NA,NA,NA,NA,NA,NA,NA,3,3,2,3,3,2,5,5,5,5,5,5,1,1,1,1,5,5,1,1,5,5,1,1,1,1,5,2,3,2,4,2,4,5,3,2,1,2,630,"The spatial rotations task had some errors on my desktop device, so I was not able to properly look at the images that were displayed.","If spatial rotation tasks are actually predictive of math ability, and whether the public perceives it as such in the context of their race.","65969e3c11bcdc9abb1980b6",NA,NA,NA,NA,2.667,5,5,3,3,4,1.667
"Control",7,22,4,5,"25th percentile",3,2,3,1,3,2,2,3,2,2,NA,NA,NA,NA,NA,NA,NA,NA,NA,NA,NA,NA,NA,NA,NA,NA,NA,NA,4,1,1,4,4,1,4,4,3,3,3,3,1,2,2,4,1,1,3,2,1,1,2,2,1,1,2,1,1,3,1,1,1,1,5,2,2,2,592,"It would be easier to understand what is considered a match if the correct answers for the first 5 practice problems could be reviewed. I was unsure if mirrored objects could be considered a match.","To determine if math skills can be measured through the test.","66508848ae8517d428150c62",2.4,2.2,NA,NA,2.5,3.667,3,2,1.5,2.333,2
"Implicit",9,24,7,4,"50th percentile",NA,NA,NA,NA,NA,NA,NA,NA,NA,NA,"Hindi, Malayalam","None",NA,NA,2,1,NA,NA,NA,NA,NA,NA,NA,NA,NA,NA,NA,NA,3,3,1,2,2,2,4,4,4,4,4,4,1,1,2,1,3,3,1,2,3,3,4,3,2,2,5,1,2,3,3,4,3,2,2,1,2,2,590,"None, thank you!","Measuring mathematical self efficacy and its correlations with actual performance, segmented by race.","6626a78322f31d730ded2130",NA,NA,NA,NA,2.167,4,4,2.167,3,2.333,1.667
"Explicit",15,18,5,5,"50th percentile",NA,NA,NA,NA,NA,NA,NA,NA,NA,NA,NA,NA,NA,NA,NA,NA,3,2,2,2,3,3,3,2,2,2,3,3,3,1,1,3,3,1,4,4,4,4,4,4,1,2,2,3,1,1,3,3,1,2,4,3,2,2,3,2,2,3,3,3,2,2,4,3,3,3,511,"n/a","how we view our own selves based on our race","65cd3717fdc5825241e04da4",NA,NA,2.5,2.5,2,4,4,2,2.667,2.667,3
