"ProlificID","Duration (in seconds)","Gender","FirstGen","FirstGen_US","1st_immigrant","1st_age","2nd_immigrant","HighestDegree","Major","Minor","STEMMajor","GPA","M_Approach1","P_Approach2","M_Approach3","P_Approach1","M_Avoidance1","P_Avoidance3","M_Approach2","P_Approach3","M_Avoidance3","P_Avoidance2","M_Avoidance2","P_Avoidance1","Reading1","Math1","Reading2","Math2","Reading3","Math3","Reading4","Math4","Reading5","Math5","Reading6","Math6","Racial1","Racial2","Racial3","Gender1","Gender2","Gender3","M_Approach","M_Avoidance","P_Approach","P_Avoidance","Math_ID","Reading_ID","Racial_ID","Gender_ID"
"65cb677d302a5cea87dfdd37",188,"Woman","Yes","No","No",NA,"Yes","Bachelor","Business management",NA,"Not STEM",4,4,4,4,5,4,5,5,5,5,5,5,5,4,4,4,1,5,5,3,3,4,4,4,3,2,2,2,4,4,4,4.333,4.667,4.667,5,3.333,4,2,4
"63de07747845d88c4962eff2",194,"Non-binary","No","No","No",NA,"Yes","HS/GED","English","N/A","Not STEM",3.9,4,4,5,4,3,3,5,4,4,4,4,3,5,1,5,1,5,1,3,1,5,1,5,1,3,3,3,3,4,3,4.667,3.667,4,3.333,1,4.6,3,3.333
"658a6d5aedefcd6fdeefdc5d",294,"Woman","No","No","Yes",16,NA,"Associate","public health","n/a","Not STEM",3.91,4,4,5,4,5,5,4,3,5,5,5,5,3,4,1,5,4,4,1,5,3,5,1,5,3,3,3,3,3,3,4.333,5,3.667,5,4.667,2.4,3,3
"6595c5f627a60ea2fe4f76d0",257,"Woman","No","Yes","Yes",1.5,NA,"HS/GED","Accounting","n/a","Not STEM",3,4,3,5,3,3,2,4,2,3,2,4,2,3,4,2,4,4,4,1,3,4,4,2,4,3,3,3,4,4,4,4.333,3.333,2.667,2,3.833,2.8,3,4
"5c4bfc488897520001567367",214,"Woman","No","No","No",NA,"Yes","Bachelor","horticultural sciences",NA,"STEM",3.94,4,4,4,4,3,5,4,3,4,4,4,4,4,4,3,3,4,5,1,3,3,3,1,4,4,5,5,4,4,4,4,3.667,3.667,4.333,3.667,3,4.667,4
"65cba5349f4e1e5dfbe80fe8",301,"Non-binary","No","Yes","No",NA,"Yes","HS/GED","Graphic Design",NA,"Not STEM",3.54,3,4,4,4,2,4,3,3,3,3,2,3,4,4,3,3,3,3,2,2,2,2,2,2,4,3,3,3,2,3,3.333,2.333,3.667,3.333,2.667,2.8,3.333,2.667
"65cd317ff963d201475b79d1",176,"Woman","Yes","Yes","Yes",11,NA,"Bachelor","Health Science","Psychology and Chemistry","STEM",3.89,4,4,4,4,2,4,4,4,2,3,4,4,5,4,3,2,4,3,2,1,5,3,2,2,5,5,5,5,5,5,4,2.667,4,3.667,2.5,3.8,5,5
"5b5c3b266b25590001778ea1",150,"Man","Yes","Yes","Yes",6,NA,"Associate","accounting","n/a","STEM",3.53,1,1,1,1,1,1,1,1,1,1,1,1,2,4,1,5,1,5,1,5,1,5,1,5,1,1,1,2,2,2,1,1,1,1,4.833,1.2,1,2
"63d69bcc9ac7e2fd85b9ce49",676,"Woman","Yes","Yes","Yes",22,NA,"Master","science","social","STEM",3,4,3,4,3,4,4,4,3,4,3,4,3,4,3,4,3,4,3,4,4,4,3,4,4,4,3,4,4,4,3,4,4,3,3.333,3.333,4,3.667,3.667
"6121874bf9343fff5be07860",219,"Woman","Yes","No","No",NA,"No","HS/GED","psychology","none","STEM",3.4,5,5,4,5,4,5,5,5,4,5,5,5,5,2,5,2,5,5,4,2,4,2,4,2,2,2,2,5,5,5,4.667,4.333,5,5,2.5,4.6,2,5
"60d1129ad29dbe85a59b9c4a",247,"Man","Yes","Yes","No",NA,"Yes","Bachelor","Computer Engineering","Computer science","STEM",3.7,4,4,4,4,4,4,4,4,4,4,4,4,5,4,4,5,5,5,3,4,5,5,4,5,3,3,3,4,4,4,4,4,4,4,4.667,4.4,3,4
"6578fbf39f92169f4d1cafd8",221,"Man","No","No","Yes",1,NA,"HS/GED","Economics","Marketing","Not STEM",4,4,5,5,5,5,5,5,5,5,5,5,5,5,4,4,3,5,5,1,1,5,4,5,5,5,5,5,5,5,5,4.667,5,5,5,3.667,4,5,5
"6560ca7bb947c4f10cf53c36",348,"Man","Yes","No","No",NA,"Yes","Bachelor","International Studies, Urban Studies","N/A","Not STEM",3.83,4,3,4,3,3,3,4,3,3,3,4,3,5,5,4,5,4,5,2,4,4,5,3,4,3,3,3,2,3,3,4,3.333,3,3,4.667,3.8,3,2.667
"6595652abeda832124db3108",124,"Man","Yes","Yes","Yes",0,NA,"Master","English","n/a","Not STEM",3.95,3,2,4,3,4,3,4,3,4,3,4,4,4,3,4,4,4,3,4,3,3,4,4,4,4,3,3,4,4,3,3.667,4,2.667,3.333,3.5,3.8,3.333,3.667
"6361b53c44c9c4ebeb619db1",164,"Man","No","Yes","No",NA,"Yes","HS/GED","Nursing","N/A","STEM",3.82,4,4,5,4,5,4,5,5,4,5,4,3,4,5,4,5,4,5,3,4,4,5,3,5,3,3,5,3,2,4,4.667,4.333,4.333,4,4.833,3.8,3.667,3
"5ff0f1b0dd8cf14ba8957c5b",199,"Woman","No","No","No",NA,"Yes","HS/GED","Marketing","Management","Not STEM",3.92,3,4,5,4,1,4,3,4,1,4,4,4,4,1,5,1,4,2,1,1,5,1,4,1,4,3,3,4,4,4,3.667,2,4,4,1.167,3.8,3.333,4
"5f4c9e74da9c148b0d42ecbd",725,"Man","Yes","Yes","Yes",15,NA,"Master","Civil Engineering","History","STEM",3.5,4,4,4,4,4,4,4,4,4,4,4,4,4,4,3,4,4,4,3,4,4,4,3,4,3,3,3,2,2,2,4,4,4,4,4,3.6,3,2
"65185750126ba439e0d8ca1e",227,"Man","Yes","No","No",NA,"No","HS/GED","Information Technology","N/A","STEM",2.5,3,3,4,3,3,4,3,3,3,4,3,3,4,3,3,3,5,5,3,3,4,4,4,4,2,3,3,2,1,2,3.333,3,3,3.667,3.667,3.8,2.667,1.667
"65755801000442e5a54f5005",2839,"Woman","Yes","Yes","Yes",4,NA,"HS/GED","Data Science","N/A","STEM",2.5,2,3,3,3,3,1,4,5,2,2,4,4,5,2,3,1,5,5,4,2,5,1,5,1,5,4,4,5,4,5,3,3,3.667,2.333,2,4.4,4.333,4.667
"6004e8ae1e4c4b6a59d73030",432,"Man","Yes","No","No",NA,"Yes","Bachelor","Human Factors and Ergonomics","User Experience","STEM",4,4,4,4,4,1,1,4,3,1,5,3,4,5,2,2,1,4,3,2,1,2,1,3,2,1,3,3,1,3,3,4,1.667,3.667,3.333,1.667,3,2.333,2.333
"63d13f5ee27b28a60fc1df15",163,"Man","Yes","Yes","No",NA,"Yes","Bachelor","Kinesiology","Psychology","Not STEM",3.8,5,4,5,4,4,1,4,4,1,1,4,4,4,4,1,4,2,5,1,5,1,5,1,5,5,5,5,5,5,5,4.667,3,4,2,4.667,1.8,5,5
"659db524feac2e6da6c43101",252,"Woman","Yes","No","Yes",6,NA,"Master","Political Science, Public Policy, Sociology","Economics","Not STEM",3.9,3,2,4,1,2,4,4,2,4,5,3,4,5,1,5,1,5,3,4,2,5,1,4,1,4,4,4,3,4,4,3.667,3,1.667,4.333,1.5,4.8,4,3.667
"627120b98967a5dbd4922c2e",215,"Man","No","Yes","No",NA,"Yes","Master","mha","n/a","Not STEM",4,5,5,5,5,5,5,5,5,5,5,5,5,4,4,3,4,4,5,2,4,4,4,2,4,5,5,5,3,4,4,5,5,5,5,4.167,3.4,5,3.667
"65181c2f753b188afdddd2c4",411,"Man","Yes","Yes","Yes",12,NA,"Bachelor","Computer Science","N/A","STEM",3.75,4,4,4,4,4,5,4,4,4,5,4,5,5,4,3,4,4,5,3,4,4,4,3,4,4,4,4,2,4,4,4,4,4,5,4.167,3.8,4,3.333
"6018a5c0e1600b187ccb8693",1132,"Man","No","Yes","No",NA,"Yes","HS/GED","computer science","n/a","STEM",2.98,3,2,3,2,2,3,2,2,3,3,4,3,4,5,2,4,3,3,3,3,3,2,5,4,4,4,3,4,3,3,2.667,3,2,3,3.5,3,3.667,3.333
"655feb8d6493ccbb55c26c59",404,"Man","No","Yes","Yes",20,NA,"Associate","Computer Science","N/A","STEM",3.8,4,4,4,4,4,4,4,3,4,4,4,4,4,3,3,3,4,4,2,3,3,3,2,3,4,4,4,4,4,4,4,4,3.667,4,3.167,3.2,4,4
"65cbd11646fa8d0ee0bae103",369,"Woman","No","Yes","No",NA,"Yes","Bachelor","Nutrition","N/a","STEM",3.5,4,5,4,4,1,4,5,3,1,3,4,4,4,2,3,2,5,5,2,3,5,2,3,2,5,5,4,4,4,5,4.333,2,4,3.667,2.667,3.8,4.667,4.333
"655f8f04860e2c0fe8291155",202,"Woman","Yes","Yes","No",NA,"Yes","Bachelor","chemistry","n/a","STEM",3.93,4,4,4,3,3,3,4,3,3,3,4,3,4,3,3,3,4,4,2,3,4,4,3,3,4,4,4,4,4,4,4,3.333,3.333,3,3.333,3.4,4,4
"65dbb48f0c3d6ca98c837ba6",296,"Non-binary","Yes","No","No",NA,"No","HS/GED","Wildlife, fish, and conservation","none","STEM",3.8,4,4,4,2,3,3,4,3,2,2,3,3,4,3,3,2,4,4,2,2,3,2,2,2,3,3,3,3,3,2,4,2.667,3,2.667,2.5,3.2,3,2.667
"657a5fdf40daebdb26cb32b4",227,"Woman","No","No","Yes",3,NA,"Associate","management","psychology","Not STEM",3.2,5,3,5,4,5,5,4,5,4,4,5,4,5,3,5,2,5,3,4,2,5,2,3,2,5,5,5,3,5,3,4.667,4.667,4,4.333,2.333,4.8,5,3.667
"63d1654dddc2d3fcd5a5d6bf",171,"Man","Yes","Yes","No",NA,"No","HS/GED","Finance & Business Analytics","N/A","Not STEM",3.88,5,5,5,5,4,4,5,4,4,4,5,4,4,4,3,4,5,5,3,4,4,4,2,4,4,5,4,3,5,4,5,4.333,4.667,4,4.167,3.8,4.333,4
"65ccf5c22a3ceca2b3cf14e9",225,"Woman","No","No","No",NA,NA,"Bachelor","Biology","N/A","STEM",3.84,4,5,4,5,1,4,4,4,1,4,4,4,5,5,4,5,5,5,3,4,4,5,4,5,5,5,5,4,4,4,4,2,4.667,4,4.833,4.2,5,4
"65cbc27d67dbfe5c4a5e8dcc",214,"Woman","Yes","Yes","No",NA,"Yes","Bachelor","Political Science, Public Administration","French","Not STEM",3.81,2,5,4,4,4,5,4,5,4,4,4,5,4,5,3,5,5,5,3,3,5,5,3,5,4,4,4,4,4,4,3.333,4,4.667,4.667,4.667,4,4,4
"5f2946965de083000aff1444",182,"Man","Yes","Yes","No",NA,"Yes","Bachelor","Biostatistics","N/A","STEM",3.79,2,2,4,3,1,3,3,3,1,4,4,4,2,3,3,4,4,4,2,3,3,4,2,4,1,1,2,1,1,1,3,2,2.667,3.667,3.667,2.8,1.333,1
"578e6c599bd3d70001e5057f",2392,"Man","Yes","Yes","Yes",3,NA,"HS/GED","Applied Math and Statistics","n/a","STEM",3.7,4,3,4,4,3,4,4,4,3,4,4,4,4,4,2,4,4,5,2,3,4,4,2,4,3,3,4,2,3,3,4,3.333,3.667,4,4,3.2,3.333,2.667
"659616d78c849893b09541ec",525,"Man","Yes","No","No",NA,"No","Associate","Energy Management and Controls Technology","None","STEM",3.2,4,4,5,5,5,4,5,2,4,5,5,5,5,3,5,3,5,5,5,2,5,3,5,4,5,5,5,3,3,3,4.667,4.667,3.667,4.667,3.333,5,5,3
"5766d657c8d7b400013782da",177,"Woman","No","No","Yes",0,NA,"HS/GED","Computer Science & Data Science","N/A","STEM",3.5,3,4,5,3,3,4,5,2,3,2,4,4,4,3,2,4,4,4,2,3,4,4,3,3,4,4,4,3,2,2,4.333,3.333,3,3.333,3.5,3.2,4,2.333
"6564e143b65aad826f6cdf7a",225,"Woman","No","No","No",NA,"Yes","HS/GED","Business - Accounting","N/A","Not STEM",3.94,2,4,3,4,1,1,3,3,3,4,3,4,4,3,3,2,3,3,3,3,3,3,2,2,3,3,3,3,3,3,2.667,2.333,3.667,3,2.667,3.2,3,3
"5f3ed1810c5d4f16e6375306",179,"Man","Yes","No","No",NA,"Yes","Bachelor","Biology","N/A","STEM",4,4,4,4,4,2,3,4,3,2,3,3,3,4,4,3,2,3,3,2,3,4,4,2,2,2,2,2,3,2,2,4,2.333,3.667,3,3,3.2,2,2.333
"6518707116415d421f5638b6",187,"Woman","Yes","No","No",NA,"Yes","HS/GED","Computer Science","N/A","STEM",4,5,5,4,5,1,5,4,5,1,5,4,5,3,3,3,3,5,5,2,2,4,3,3,3,2,4,4,2,5,4,4.333,2,5,5,3.167,3.4,3.333,3.667
"5f74fd83ed11b81620baf105",874,"Woman","No","Yes","Yes",14,NA,"Associate","Accounting",NA,"STEM",3.93,3,5,5,4,5,5,5,4,5,5,5,5,3,5,2,5,3,5,1,4,3,5,1,5,4,5,5,5,5,5,4.333,5,4.333,5,4.833,2.4,4.667,5
"65cc267b79900fe02c7be21d",200,"Woman","Yes","No","No",NA,"Yes","Bachelor","Public Health Science and Education Sciences","none","STEM",3.4,3,3,3,4,2,4,4,3,2,4,4,4,4,3,3,3,4,4,2,2,4,3,4,3,4,3,3,4,4,4,3.333,2.667,3.333,4,3,3.4,3.333,4
"600f9342e7bc5518fa9ca92a",161,"Man","No","No","Yes",19,NA,"HS/GED","business","None","Not STEM",3.88,4,4,3,4,4,3,4,3,4,4,3,4,4,3,4,4,4,3,3,3,3,3,3,3,3,3,3,3,3,3,3.667,3.667,3.667,3.667,3.167,3.6,3,3
"5fb321655c9742a3f8b0fa41",355,"Man","Yes","No","No",NA,"Yes","HS/GED","Information Technology","N/A","Not STEM",2.9,3,4,3,4,3,5,3,4,2,5,4,5,4,4,4,3,4,3,4,2,4,3,4,2,3,3,4,3,2,3,3,3,4,5,2.833,4,3.333,2.667
"6073ad2cd288215f64f51efa",294,"Man","No","No","No",NA,"No","Bachelor","Information","n/a","STEM",3.78,4,5,5,5,4,5,4,5,2,5,4,5,5,3,4,3,5,3,3,3,5,1,4,1,1,1,1,1,1,1,4.333,3.333,5,5,2.333,4.4,1,1
"65e005d7bad0f1aa8f2ec0f9",167,"Man","Yes","Yes","Yes",2,NA,"Bachelor","Economics + Computer Science","Philosophy","STEM",3.5,3,3,4,3,4,4,4,4,4,4,4,4,4,5,4,5,4,5,3,4,4,5,4,5,3,3,4,3,4,3,3.667,4,3.333,4,4.833,3.8,3.333,3.333
"6020791e00b8c16be60521e5",266,"Man","Yes","Yes","No",NA,"Yes","HS/GED","psychology, pre physician assistant","n/a","Not STEM",3,4,4,4,5,3,5,4,5,5,5,5,5,3,4,3,3,4,4,3,2,4,4,3,3,3,2,3,2,3,3,4,4.333,4.667,5,3.333,3.4,2.667,2.667
"65cf88a1a3887a237da61f94",223,"Man","No","No","No",NA,"Yes","HS/GED","Computer Science","n/a","STEM",3.3,3,1,3,3,1,4,3,3,2,4,4,5,4,4,3,4,4,4,2,3,4,4,2,3,3,2,3,3,4,4,3,2.333,2.333,4.333,3.667,3.4,2.667,3.667
"5ca1c71d44a54a00166d1dd7",236,"Man","No","Yes","Yes",2,NA,"Associate","sociology",NA,"Not STEM",3.3,4,4,4,4,1,4,4,4,2,4,4,4,4,4,2,4,4,4,4,4,4,4,4,4,2,4,4,2,4,4,4,2.333,4,4,4,3.6,3.333,3.333
"6110cb9fd3ba23cecacc8fc4",223,"Man","Yes","No","No",NA,"Yes","HS/GED","Economics","Business Admin","Not STEM",3.68,4,4,5,4,3,2,4,4,3,3,2,3,4,4,3,3,4,3,2,3,4,4,3,4,3,2,2,2,3,3,4.333,2.667,4,2.667,3.5,3.4,2.333,2.667
"65cb8516f0092a0062c93aba",151,"Woman","Yes","No","No",NA,"Yes","Bachelor","Biochemistry","Mathematics, Chemistry","STEM",3.9,4,4,3,4,4,4,4,4,4,3,4,4,5,5,3,5,4,5,2,4,4,4,2,4,3,2,2,3,3,3,3.667,4,4,3.667,4.5,3.6,2.333,3
"65cb83b3dd72788ad453d725",389,"Woman","Yes","No","No",NA,"Yes","HS/GED","Biology","Data Science","STEM",3.21,3,3,3,4,1,3,4,3,1,2,3,3,4,2,2,1,4,3,1,2,5,2,2,1,4,4,4,2,2,2,3.333,1.667,3.333,2.667,1.833,3.2,4,2
"65eabc627ddf9221f8e12b85",332,"Woman","Yes","Yes","Yes",23,NA,"Associate","Business","None","Not STEM",4,4,5,4,4,2,4,4,4,2,2,1,2,4,3,4,3,4,4,3,3,3,4,3,3,3,2,2,2,2,2,4,1.667,4.333,2.667,3.333,3.6,2.333,2
"601c696f0370f35c7883cf99",222,"Man","Yes","Yes","Yes",4,NA,"Bachelor","Speech Language Pathology","n/a","Not STEM",3.7,2,3,4,4,3,5,3,4,3,5,3,5,5,3,3,2,5,4,3,3,5,3,3,3,3,3,3,3,3,3,3,3,3.667,5,3,4.2,3,3
"60444cd97d48924d0d4810ea",222,"Man","Yes","Yes","Yes",16,NA,"HS/GED","Computer Science","None","STEM",2.7,2,2,2,2,2,2,2,2,2,2,3,2,3,3,3,3,3,3,2,2,4,3,3,3,4,4,3,3,5,5,2,2.333,2,2,2.833,3,3.667,4.333
"6575c518dc00323903d27138",547,"Man","No","Yes","Yes",3,NA,"HS/GED","Computer Science","English Technical Writing","STEM",2.7,3,3,2,2,3,4,3,2,3,3,3,3,3,1,5,1,3,2,2,2,3,1,3,1,2,3,3,1,1,2,2.667,3,2.333,3.333,1.333,3.2,2.667,1.333
"65dd00763076d70c85c24b1b",297,"Man","No","Yes","No",NA,"Yes","Associate","Art","n.a","Not STEM",3.6,3,3,5,3,2,4,5,3,2,4,3,4,4,3,2,3,4,3,3,3,4,4,4,4,3,4,3,3,2,2,4.333,2.333,3,4,3.333,3.4,3.333,2.333
"60cf7074e1ea52a0f3450346",241,"Man","Yes","Yes","No",NA,"Yes","Master","Education","N/A","Not STEM",4,5,5,5,4,4,2,5,2,5,3,5,2,5,4,5,3,5,4,2,4,5,3,3,2,4,5,5,2,3,2,5,4.667,3.667,2.333,3.333,4.4,4.667,2.333
"65cba09158b74649b3cd7505",186,"Woman","Yes","Yes","No",NA,"Yes","Bachelor","biology","Spanish, Medical Humanities & Culture","STEM",4,4,5,5,5,4,5,4,5,4,5,4,5,5,4,5,2,5,4,3,3,5,4,5,2,4,4,4,5,5,5,4.333,4,5,5,3.167,4.6,4,5
"65e63b7fc845c96c2c2520bc",223,"Man","Yes","Yes","Yes",9,NA,"Bachelor","Management Information Systems","None","STEM",3.75,3,3,4,3,4,3,4,3,3,3,4,3,5,4,4,4,4,4,3,3,5,4,5,5,3,3,3,3,3,3,3.667,3.667,3,3,4,4.2,3,3
"6537ccd8aacb65739e270b30",349,"Woman","No","No","No",NA,"Yes","HS/GED","Computer Science","Mathematics","STEM",3.83,3,3,3,3,2,3,3,2,3,3,3,3,4,4,3,4,3,4,2,3,3,4,3,4,2,3,3,3,4,3,3,2.667,2.667,3,3.833,3,2.667,3.333
"65cb5e5ada0320fa4478a9f6",723,"Woman","No","Yes","No",NA,"Yes","HS/GED","Neuroscience & Biotechnology","n/a","STEM",3.29,3,4,4,4,3,5,4,4,3,5,4,5,4,4,2,4,3,5,1,4,4,5,1,5,2,3,4,3,4,4,3.667,3.333,4,5,4.5,2.8,3,3.667
"65cfe9b23cb896bff6ca420b",175,"Woman","Yes","Yes","Yes",2,NA,"Bachelor","Mechanical Engineering","n/a","STEM",4,4,3,5,3,1,3,5,1,1,2,4,1,5,5,5,5,5,5,2,2,5,5,5,5,3,3,3,3,3,3,4.667,2,2.333,2,4.5,4.4,3,3
"655f96c00e4ff12b60147004",264,"Woman","Yes","Yes","Yes",1,NA,"Bachelor","Information Technology","N/A","STEM",3.81,4,5,5,4,4,5,5,5,5,5,5,5,4,4,4,4,3,4,2,4,2,4,2,4,4,4,4,4,4,4,4.667,4.667,4.667,5,4,3,4,4
"5fe2ca269568d5e8f57933aa",323,"Man","Yes","Yes","No",NA,"Yes","HS/GED","Neuroscience (Currently a senior at 4 year college)","N/A","STEM",3.92,4,2,4,2,1,2,4,2,1,2,5,2,5,4,4,2,5,4,3,2,5,3,3,3,2,1,1,1,2,3,4,2.333,2,2,3,4.4,1.333,2
"65cb7423c2fd2bb43b0aa84e",177,"Woman","Yes","Yes","No",NA,"Yes","HS/GED","Finance","N/A","Not STEM",3.7,4,4,4,5,1,5,4,5,1,1,5,5,5,5,3,5,4,5,2,4,4,4,3,4,5,5,5,5,5,5,4,2.333,4.667,3.667,4.5,3.6,5,5
"65cd58721ff7f000cdcf2d46",500,"Woman","Yes","No","No",NA,"Yes","HS/GED","Pharmaceutical Science","None","STEM",2.8,3,3,3,4,2,4,2,2,2,4,3,5,5,3,4,3,4,5,4,2,5,3,5,3,3,4,4,3,4,4,2.667,2.333,3,4.333,3.167,4.4,3.667,3.667
"65a2bed50652b97162516095",618,"Woman","No","Yes","No",NA,"Yes","Bachelor","Bachelor of science in nursing",NA,"Not STEM",3.75,4,4,3,3,1,2,4,3,2,3,5,3,5,3,2,3,5,5,3,2,5,4,3,2,3,5,4,4,5,4,3.667,2.667,3.333,2.667,3.167,4,4,4.333
"65cfe5f97c0ea4d16a306e77",233,"Woman","Yes","No","No",NA,"Yes","HS/GED","Pharmaceutical Chemistry","Biomedical Engineering","STEM",4,5,5,4,5,4,5,4,5,4,5,4,5,5,4,3,3,5,5,3,4,4,3,2,3,4,4,3,4,4,4,4.333,4,5,5,3.667,4,3.667,4
"65d50f274fd3500d13e30193",326,"Woman","Yes","No","No",NA,"Yes","HS/GED","Biology","N/A","STEM",4,4,4,4,4,2,3,3,3,2,3,3,3,4,4,3,4,4,4,3,3,4,3,4,3,5,4,3,3,4,4,3.667,2.333,3.667,3,3.5,3.6,4,3.667
"65cb63a9363a0647682c06e7",193,"Woman","Yes","No","No",NA,"Yes","Master","Health sciences","N/a","STEM",4.18,4,5,5,4,3,4,4,3,2,4,3,2,5,2,4,2,4,5,4,2,5,2,4,2,5,4,4,5,5,5,4.333,2.667,4,3.333,2.5,4.4,4.333,5
"65a58b087781836186ca5b78",229,"Woman","Yes","No","No",NA,"No","HS/GED","BS Psychology Premed","prehealth professions","STEM",3,4,4,4,4,3,4,4,3,3,4,4,4,4,2,2,2,4,4,3,2,4,3,4,3,2,2,2,3,3,3,4,3.333,3.667,4,2.667,3.4,2,3
"65cb7ff9d7b5fd9b97cf35c8",468,"Woman","Yes","Yes","Yes",1,NA,"Doctorate","Liberal Arts","Chemistry","STEM",3.89,4,4,3,4,2,4,3,4,2,4,3,4,4,3,4,2,3,3,2,1,4,3,2,2,3,5,4,4,4,4,3.333,2.333,4,4,2.333,3.4,4,4
"650afc00d748aa554ebde221",177,"Woman","Yes","No","No",NA,"Yes","Bachelor","biology","italian, chemistry","STEM",4,4,4,4,4,2,2,4,4,2,2,2,2,5,3,4,2,5,3,4,2,4,4,4,2,2,4,3,2,4,2,4,2,4,2,2.667,4.4,3,2.667
"5f099c7ff7d3020237d5310b",450,"Woman","Yes","Yes","No",NA,"Yes","Bachelor","Biology, Public Health","N/A","STEM",3.6,5,5,5,5,1,5,4,5,1,1,1,1,5,4,4,2,5,5,5,3,5,3,5,3,5,5,5,5,4,4,4.667,1,5,2.333,3.333,4.8,5,4.333
"65cb7ae1800d57cbac802342",255,"Woman","No","No","Yes",1,NA,"Bachelor","Supply chain and logistics technology; Psychology","N/A","STEM",3.49,5,5,5,5,3,5,5,5,3,5,5,5,5,2,4,2,5,4,4,1,4,1,4,1,3,4,4,5,5,5,5,3.667,5,5,1.833,4.4,3.667,5
"65bff5ce2c3df3a5127fa462",204,"Man","Yes","No","No",NA,"Yes","HS/GED","Mechanical Engineering",NA,"STEM",3.61,2,4,4,4,3,4,4,4,3,4,4,4,5,5,4,4,5,5,2,3,5,5,3,4,3,2,2,2,4,4,3.333,3.333,4,4,4.333,4.2,2.333,3.333
"65cb6bdcbe74d1e2ee5635fa",200,"Woman","No","Yes","Yes",0,NA,"Bachelor","Marketing",NA,"Not STEM",3.9,4,4,5,4,1,4,5,3,5,5,5,5,4,3,4,3,4,3,4,2,4,3,3,3,3,4,4,3,4,5,4.667,3.667,3.667,4.667,2.833,4,3.667,4
"5f9c9d259e7c0a17abe03413",214,"Man","Yes","Yes","Yes",4,NA,"Bachelor","Electrical Engineering",NA,"STEM",3.75,2,3,3,4,2,4,2,4,3,4,2,4,5,5,5,5,4,5,2,3,4,3,4,4,5,5,5,4,4,4,2.333,2.333,3.667,4,4.167,4,5,4
"60da9c1644e1f472f24dfc62",216,"Woman","Yes","Yes","No",NA,"Yes","Bachelor","Biopsychology, BS; Nursing BSN; PMHNP MSN","N/A","STEM",3.88,3,2,4,2,3,4,3,1,4,2,3,2,4,4,4,4,4,4,1,1,4,4,2,2,5,5,5,3,5,4,3.333,3.333,1.667,2.667,3.167,3.4,5,4
"65cc01f8b39a09a919921721",280,"Woman","Yes","Yes","Yes",4,NA,"HS/GED","Accounting","None","Not STEM",3.89,3,3,2,4,2,3,2,3,2,4,3,3,4,3,4,3,4,4,2,2,4,4,4,3,3,4,3,3,4,2,2.333,2.333,3.333,3.333,3.167,3.6,3.333,3
"6595784e1782997a5c7d6a1b",157,"Woman","No","Yes","No",NA,"Yes","Bachelor","Psychology/Pre-Nursing","Neuroscience","Not STEM",3.4,4,5,5,4,4,4,4,4,3,4,4,4,5,1,3,1,5,5,2,2,5,1,3,1,2,5,5,1,1,1,4.333,3.667,4.333,4,1.833,4,4,1
"6560d1fe9f74937c98f36caf",292,"Woman","Yes","No","No",NA,"No","Bachelor","Business Management with a Marketing concentration","Asian Studies","Not STEM",3.77,3,5,4,5,3,5,3,3,4,5,4,5,5,4,5,3,5,4,5,2,5,4,5,3,3,3,3,5,5,5,3.333,3.667,4.333,5,3.333,5,3,5
"5c395df5f5ebd50001850900",219,"Man","No","Yes","No",NA,"Yes","Associate","Psychology","None","Not STEM",3.2,3,2,4,2,1,1,4,2,1,1,3,1,4,1,4,1,2,2,3,2,5,1,3,1,2,3,3,1,4,3,3.667,1.667,2,1,1.333,3.6,2.667,2.667
"5f2c4d9ec221140edf238051",206,"Woman","No","No","No",NA,"Yes","Bachelor","Game Design and Devlopment","Advertising and Public Relations","STEM",3.48,3,4,4,4,3,3,3,3,2,3,3,3,4,3,3,2,4,4,3,3,4,3,3,2,4,4,4,3,4,3,3.333,2.667,3.667,3,2.833,3.6,4,3.333
"65cb68847b06effcc3a96ffc",167,"Woman","Yes","No","No",NA,"Yes","Bachelor","PA studies","N/A","STEM",3.73,4,5,3,5,2,5,5,5,2,5,5,5,5,1,5,1,5,1,5,1,5,2,4,2,5,5,5,5,5,5,4,3,5,5,1.333,5,5,5
"627986ad0b4e17430bd23d80",307,"Man","No","Yes","No",NA,"Yes","Associate","Graphic Design","Business","STEM",3.65,4,2,5,3,3,3,4,2,3,3,3,2,4,4,3,4,4,4,2,3,4,4,3,4,3,2,2,4,4,3,4.333,3,2.333,2.667,3.833,3.4,2.333,3.667
"65cffa63739cdfcf63af4af8",182,"Woman","No","Yes","Yes",1,NA,"HS/GED","biochemistry","n/a","STEM",3.9,4,4,4,4,2,4,3,4,2,3,4,4,2,4,3,4,3,3,2,2,2,4,2,2,4,3,3,4,4,4,3.667,2.667,4,3.667,3.167,2.4,3.333,4
"63e51e55974365f1e43df265",575,"Man","Yes","Yes","No",NA,"Yes","HS/GED","computer science","economics","STEM",3.8,3,4,3,4,4,2,3,3,4,3,4,2,3,5,3,4,4,4,1,4,3,4,3,4,4,3,4,4,3,4,3,4,3.667,2.333,4.167,2.8,3.667,3.667
"65cbb75fc5c8e692295e8b7e",140,"Woman","Yes","Yes","Yes",2,NA,"HS/GED","Accounting","N/A","Not STEM",3.5,2,3,3,3,3,3,3,3,3,3,3,3,4,4,2,4,2,4,1,3,4,4,1,4,3,3,3,3,3,3,2.667,3,3,3,3.833,2.6,3,3
"63268e60fbfb9c73671faa37",193,"Man","Yes","Yes","No",NA,"Yes","Associate","Mechanical Engineering","N/A","STEM",3.63,2,4,3,5,3,4,4,4,5,4,2,4,5,4,4,4,3,5,2,3,5,3,3,4,3,4,4,2,3,4,3,3.333,4.333,4,3.833,3.8,3.667,3
"65e6240717a286c6ea84ea5f",190,"Man","Yes","No","No",NA,"No","HS/GED","Kinesiology","n/a","STEM",3.75,3,4,3,4,3,4,3,4,3,4,4,4,2,3,2,2,4,4,1,1,2,2,2,2,3,3,3,3,4,3,3,3.333,4,4,2.333,2.2,3,3.333
"6084ed42816c57c9c113a795",404,"Man","Yes","Yes","No",NA,"Yes","Bachelor","Molecular biology",NA,"STEM",2.2,2,4,5,4,3,4,3,4,3,4,3,4,4,5,3,5,4,5,2,4,4,5,2,5,2,2,2,3,3,2,3.333,3,4,4,4.833,3.4,2,2.667
"655f8b6aead3b1448f52681b",171,"Woman","Yes","Yes","No",NA,"Yes","HS/GED","Biomedical","N/A","STEM",3.6,1,3,4,5,4,5,4,3,4,5,4,5,5,1,1,1,3,3,1,1,5,1,2,1,4,5,5,4,5,5,3,4,3.667,5,1.333,3,4.667,4.667
"65cb5e15f8685a04fa82ff0f",236,"Woman","Yes","Yes","No",NA,"Yes","HS/GED","Computer Science","N/A","STEM",3.8,4,5,4,5,3,4,4,5,3,4,2,4,4,5,2,4,4,5,1,5,3,5,2,5,4,4,4,2,2,2,4,2.667,5,4,4.833,2.8,4,2
"60fd97382c97fa063217683b",160,"Non-binary","Yes","Yes","No",NA,"Yes","Master","biochemistry","chemistry, art history","STEM",4.1,3,4,4,3,2,3,4,3,2,3,3,3,5,4,4,3,5,4,3,3,5,3,4,2,2,3,3,4,4,4,3.667,2.333,3.333,3,3.167,4.4,2.667,4
"6348845d31edff3dff1b7799",1153,"Man","Yes","Yes","No",NA,"Yes","Bachelor","Finance","N/A","Not STEM",3.91,4,4,4,4,4,2,4,4,3,3,4,4,5,5,4,5,4,5,3,4,5,5,5,5,5,4,4,3,3,4,4,3.667,4,3,4.833,4.2,4.333,3.333
"5b5955e7f2333f00013176b2",183,"Woman","Yes","Yes","No",NA,"Yes","Master","Data Science","Computer Science","STEM",3.67,3,3,4,3,1,4,4,2,2,4,4,4,3,4,2,4,2,5,1,4,4,4,2,4,5,5,5,4,4,4,3.667,2.333,2.667,4,4.167,2.4,5,4
"655f8e10ad0a87d538a94f9f",337,"Woman","No","No","Yes",15,NA,"Associate","Radiology","N/A","Not STEM",4,4,3,5,3,4,3,5,3,4,3,4,3,5,5,5,5,5,5,3,3,5,5,5,5,3,2,2,3,2,2,4.667,4,3,3,4.667,4.6,2.333,2.333
"62b10d376cda94ec0cd6c1e3",264,"Man","Yes","Yes","No",NA,"Yes","Bachelor","Life Science Informatics","N/A","STEM",3.89,4,4,5,4,2,4,5,4,2,4,5,4,3,4,2,4,2,4,2,4,1,4,3,4,5,4,4,3,3,2,4.667,3,4,4,4,2,4.333,2.667
"651d2cdc7b87b2219dde8dd8",132,"Man","Yes","Yes","Yes",4,NA,"HS/GED","Ethnic Studies","N/A","Not STEM",4,2,3,4,4,3,3,3,3,2,3,3,4,4,4,4,4,5,4,3,3,4,4,3,3,4,5,5,3,3,3,3,2.667,3.333,3.333,3.667,4,4.667,3
"6452a1b17000c1527e9fd003",320,"Woman","No","Yes","Yes",0,NA,"HS/GED","Architecture","N/A","STEM",3.81,3,4,3,4,2,5,3,3,2,4,3,4,4,5,2,5,4,5,3,2,4,5,2,4,2,2,2,5,3,4,3,2.333,3.667,4.333,4.333,3.4,2,4
"5f888877136ad50208b48b47",311,"Man","No","No","Yes",2,NA,"Associate","Biology","N/A","STEM",3.3,4,4,5,4,3,3,4,5,4,4,4,4,4,4,2,3,3,4,4,4,3,4,3,3,4,5,4,4,4,5,4.333,3.667,4.333,3.667,3.667,3.2,4.333,4.333
"65cbab070b9dca9291cd7848",247,"Woman","Yes","Yes","Yes",0,NA,"HS/GED","Psychology",NA,"Not STEM",2,4,3,3,4,3,4,3,3,2,4,3,4,5,4,4,4,5,5,3,2,4,4,4,4,3,4,4,4,5,3,3.333,2.667,3.333,4,3.833,4.2,3.667,4
"63bd8c28fb1d955babddd6d5",390,"Man","No","No","No",NA,"Yes","HS/GED","Computer Science","Math","STEM",3.65,3,4,3,4,1,3,4,4,1,3,3,2,4,4,3,3,4,4,2,3,4,4,3,3,4,3,3,3,3,2,3.333,1.667,4,2.667,3.5,3.4,3.333,2.667
"607dc095678516f84e3fdae6",571,"Woman","Yes","Yes","Yes",2,NA,"Bachelor","Psychology and Criminal Justice","Neuroscience","Not STEM",3.95,4,5,5,5,1,4,4,5,1,4,3,4,4,5,3,4,5,5,2,2,5,5,2,4,4,4,3,5,5,5,4.333,1.667,5,4,4.167,3.8,3.667,5
"5d17ce93ac37cd0019535088",1586,"Man","Yes","Yes","No",NA,"No","HS/GED","Computer Science","N/A","STEM",3.5,3,2,4,3,3,4,5,2,5,4,5,4,5,4,3,4,4,4,3,4,5,4,4,4,4,4,4,5,5,5,4,4.333,2.333,4,4,4,4,5
"65d91de89927c9661d20f2cb",474,"Woman","No","Yes","No",NA,"Yes","Bachelor","Exercise Science","none","STEM",3.8,2,3,3,3,3,3,3,2,3,3,2,3,4,2,3,1,2,2,1,1,2,1,3,2,3,4,4,2,4,3,2.667,2.667,2.667,3,1.5,2.4,3.667,3
"5d61a3001c84fc001780f4ad",228,"Woman","No","Yes","No",NA,"Yes","HS/GED","Accounting","n/a","Not STEM",3,1,1,3,3,1,3,1,2,1,1,1,5,5,2,5,1,5,4,5,1,5,1,5,1,1,1,1,1,1,1,1.667,1,2,3,1.667,5,1,1
"65296a5e6b3da09843f655ba",276,"Man","No","Yes","Yes",1,NA,"HS/GED","Business","N/A","Not STEM",3.67,3,4,3,4,3,4,4,4,3,5,3,4,4,4,2,4,4,4,2,3,3,4,2,4,4,4,4,4,4,4,3.333,3,4,4.333,3.833,3,4,4
"65cbc1d0a484bea2b24153c2",343,"Woman","Yes","Yes","No",NA,"Yes","Master","Sociology","None","Not STEM",3.92,3,3,2,2,3,4,3,1,2,2,3,3,5,3,5,2,5,4,2,2,4,3,4,4,2,2,2,1,2,2,2.667,2.667,2,3,3,4.2,2,1.667
"65b8628fc87ec30641249be5",148,"Woman","Yes","No","No",NA,"Yes","Bachelor","Biomedical Sciences","Mathematicx","STEM",3.86,5,3,4,5,1,5,5,5,1,4,1,4,5,5,4,5,5,5,5,3,5,5,5,5,4,4,3,4,4,3,4.667,1,4.333,4.333,4.667,4.8,3.667,3.667
"5edbc7af4c8967866fb2a352",366,"Woman","No","Yes","No",NA,"Yes","Bachelor","Biology, economics","n/a","STEM",3.59,1,3,1,3,2,4,2,4,2,4,2,4,3,2,3,2,4,4,2,2,3,2,2,2,4,5,5,3,3,3,1.333,2,3.333,4,2.333,3,4.667,3
"5e46f51bc3298c1bf813a984",399,"Man","Yes","Yes","No",NA,"Yes","Bachelor","microbio","psychology","STEM",3.1,4,3,4,4,4,4,3,4,4,4,4,5,4,4,3,5,4,5,2,4,4,5,3,4,4,4,3,4,3,4,3.667,4,3.667,4.333,4.5,3.4,3.667,3.667
"63d7f39789fcbee9babcf85a",211,"Man","No","No","No",NA,"Yes","HS/GED","Engineering","None","STEM",3.8,5,5,5,5,3,5,5,3,3,5,5,4,3,4,3,2,4,5,1,3,2,3,1,3,4,5,4,4,4,4,5,3.667,4.333,4.667,3.333,2.6,4.333,4
"65d26dcd13d9c8026aa92c4a",226,"Woman","Yes","Yes","No",NA,"Yes","HS/GED","Business Administration/Philosophy (Dual-Degree)","N/A","Not STEM",4,4,5,4,5,4,5,5,4,4,5,4,5,5,4,5,3,5,4,5,2,5,2,4,2,3,4,4,4,3,3,4.333,4,4.667,5,2.833,5,3.667,3.333
"65d7b446ca577d62cd087569",218,"Woman","Yes","No","No",NA,"Yes","Bachelor","Biological studies","Environmental science","STEM",3.67,3,2,4,3,2,4,2,3,3,4,3,3,5,4,4,2,4,4,2,2,5,4,4,3,3,4,4,4,4,4,3,2.667,2.667,3.667,3.167,4,3.667,4
"65cbc1ccda544f05fb8feb9b",322,"Woman","No","No","Yes",21,NA,"Bachelor","Information Systems Security","Management Information Systems","STEM",3.23,2,3,4,5,2,1,3,4,3,4,1,4,4,2,2,2,4,4,3,3,4,2,1,1,1,1,1,3,1,1,3,2,4,3,2.333,3.4,1,1.667
"651848d6ccd4f7b31d6534e7",220,"Woman","No","Yes","No",NA,"Yes","Associate","Health communication",NA,"Not STEM",2.98,4,4,3,4,2,4,4,5,4,4,4,4,4,2,5,1,4,4,4,3,4,2,4,2,4,4,4,5,4,4,3.667,3.333,4.333,4,2.333,4.2,4,4.333
"65bc28ee219d98e695c761ab",373,"Woman","Yes","Yes","No",NA,"Yes","HS/GED","data science and information science","computer science","STEM",4,4,4,4,5,4,4,4,4,4,4,4,4,3,5,2,5,2,5,2,2,4,5,2,5,5,5,5,5,5,5,4,4,4.333,4,4.5,2.6,5,5
"5c91b7eabc1a950001fbfdca",199,"Woman","Yes","Yes","No",NA,"Yes","HS/GED","Biology, International Relations and Global Studies","Spanish and French","STEM",3.99,3,4,3,4,3,4,3,4,3,4,4,4,4,4,4,4,5,5,2,3,5,4,4,4,3,4,4,2,2,2,3,3.333,4,4,4,4,3.667,2
"65cbced95929901dd530dd64",354,"Woman","No","Yes","Yes",1,NA,"HS/GED","Computer Science","N/A","STEM",3.89,3,3,4,3,3,4,4,4,4,3,3,3,4,4,2,4,4,5,2,3,3,4,2,4,3,4,4,3,4,4,3.667,3.333,3.333,3.333,4,3,3.667,3.667
"5f88fc9a4157a110c725e6f5",217,"Man","No","No","No",NA,"Yes","HS/GED","History","Russian Language","Not STEM",2.5,4,4,4,4,4,4,4,2,4,4,4,4,4,3,4,2,4,2,4,2,4,2,4,2,3,3,3,3,3,3,4,4,3.333,4,2.167,4,3,3
"65cbdbc2d854fbc1b6c701e6",355,"Woman","Yes","Yes","Yes",16,NA,"Bachelor","Computer Science","N/A","STEM",3.71,4,4,5,4,3,2,5,2,3,2,4,2,4,5,4,5,5,5,4,4,5,5,5,5,3,2,2,5,5,2,4.667,3.333,3.333,2,4.833,4.4,2.333,4
"65cafdc775f31ba7a74c26c3",219,"Man","Yes","No","No",NA,"Yes","Master","Business","Religious Studies","Not STEM",3.98,3,4,3,5,1,3,3,4,3,2,1,1,5,4,4,4,5,4,3,2,5,4,3,3,3,2,2,3,3,2,3,1.667,4.333,2,3.5,4.4,2.333,2.667
"63f77ab51428a164ec2edbab",361,"Man","Yes","Yes","No",NA,"Yes","HS/GED","Political Science","Informatics","Not STEM",4,5,4,4,4,3,3,5,3,3,4,5,3,5,2,5,2,5,3,4,1,5,2,5,2,3,2,2,3,4,3,4.667,3.667,3.667,3.333,2,4.8,2.333,3.333
"5f6c102b6ec04317fc9a8127",370,"Man","Yes","Yes","No",NA,"Yes","HS/GED","computer science","n/a","STEM",3.5,2,3,5,1,1,1,4,1,1,3,3,2,3,4,3,3,3,4,1,2,4,3,1,3,3,3,2,3,4,3,3.667,1.667,1.667,2,3.167,2.8,2.667,3.333
"65cb87707e7981c7adaf9d14",339,"Woman","No","No","No",NA,"Yes","HS/GED","graphic design","N/A","Not STEM",3.88,3,4,4,4,3,5,4,4,4,4,4,4,4,4,4,2,4,3,3,2,4,3,4,2,4,3,4,4,4,4,3.667,3.667,4,4.333,2.667,3.8,3.667,4
"5d1a1b598eabd8000134603e",275,"Man","Yes","Yes","Yes",4,NA,"Associate","Computer Science","n/a","STEM",3.8,3,5,3,4,2,4,3,4,2,4,5,4,4,5,3,4,2,4,1,4,4,5,2,4,4,3,3,2,3,1,3,3,4.333,4,4.333,2.8,3.333,2
"65cc4bc14c404b33e3c67d04",142,"Woman","Yes","Yes","Yes",0,NA,"Bachelor","Management","N/A","Not STEM",3.7,3,3,3,3,3,3,3,3,3,3,3,3,3,3,3,3,3,3,3,3,3,3,3,3,3,3,3,3,3,3,3,3,3,3,3,3,3,3
"65cb72715efd7cd40fec44df",239,"Woman","Yes","Yes","No",NA,"Yes","Bachelor","Doctorate of Optometry","N/A","STEM",3.83,4,5,3,4,2,5,4,4,3,5,2,5,4,5,3,5,4,5,1,3,4,4,1,5,2,5,4,4,4,4,3.667,2.333,4.333,5,4.5,3.2,3.667,4
"611365850f7842366cbfaa68",323,"Woman","No","Yes","Yes",7,NA,"HS/GED","architecture","n/a","STEM",3.93,4,5,5,5,2,5,5,4,3,4,4,5,5,2,5,2,5,4,3,2,4,3,3,2,3,4,4,4,5,5,4.667,3,4.667,4.667,2.5,4.4,3.667,4.667
"6569840656c7e48fda03a8cb",267,"Woman","Yes","No","No",NA,"Yes","HS/GED","Music","N/A","Not STEM",3.8,3,1,5,3,3,1,5,1,3,1,5,1,5,5,5,5,4,1,2,2,5,5,2,2,4,5,4,4,4,4,4.333,3.667,1.667,1,3.333,4.2,4.333,4
"5ebb08645a22c70c2ba793e4",431,"Woman","Yes","No","No",NA,"Yes","Doctorate","Biology","none","STEM",3.78,3,4,3,4,1,5,3,3,1,5,5,5,4,5,2,5,4,4,2,4,3,5,2,4,3,4,4,3,4,4,3,2.333,3.667,5,4.5,3,3.667,3.667
"60e36d56350e661cf50f2c7e",210,"Woman","No","No","Yes",30,NA,"Associate","Nursing","N/A","Not STEM",3.02,3,4,3,2,1,2,3,1,1,2,4,2,5,2,4,1,3,2,1,1,3,2,2,2,3,2,1,2,2,2,3,2,2.333,2,1.667,3.2,2,2
"600a42166b660c1943cc2a91",203,"Man","No","No","No",NA,"Yes","Master","Chemistry / Teaching","N/A","STEM",3.9,5,5,4,4,3,4,4,4,3,4,3,4,2,4,3,4,2,4,2,3,2,4,2,4,5,5,5,4,4,4,4.333,3,4.333,4,3.833,2.2,5,4
"60a56d405b073d046324f340",217,"Man","Yes","Yes","No",NA,"Yes","Bachelor","M.B.B.S","N/A","STEM",3,5,5,5,5,5,5,5,5,3,4,5,4,4,4,3,4,4,4,3,3,4,4,3,3,2,2,2,2,1,1,5,4.333,5,4.333,3.667,3.6,2,1.333
"60fd359f395ac99c398b8b26",304,"Woman","No","No","No",NA,"Yes","Bachelor","communication","n/a","Not STEM",3.2,4,4,4,4,3,4,4,4,3,4,3,4,4,2,3,2,3,2,3,2,2,2,2,1,3,4,4,3,4,4,4,3,4,4,1.833,3,3.667,3.667
"65cbafcc41914131784e9357",225,"Woman","Yes","No","No",NA,"Yes","HS/GED","Business Economics","N/A","Not STEM",3.93,5,5,5,5,4,4,5,4,4,5,5,3,4,4,3,4,5,5,3,3,5,5,3,4,4,5,5,5,5,5,5,4.333,4.667,4,4.167,4,4.667,5
"62785b6530a3dfd84d8fc34a",158,"Woman","No","Yes","Yes",6,NA,"Bachelor","Medical Lab Science","N/A","STEM",3.4,4,4,5,4,4,4,5,4,4,5,4,4,2,4,1,4,4,5,3,3,4,5,2,3,2,3,2,3,2,4,4.667,4,4,4.333,4,2.8,2.333,3
"651adee4c39c1b8ccfd30c2c",178,"Woman","No","Yes","No",NA,"Yes","Bachelor","Biology","none","STEM",3.75,2,5,2,5,2,5,4,5,2,5,3,5,4,3,5,3,5,5,1,1,5,4,2,2,1,2,1,2,3,2,2.667,2.333,5,5,3,4,1.333,2.333
"63f27c7bd8cae620a73c4385",234,"Man","No","Yes","No",NA,"Yes","HS/GED","Biology and chemistry","not applicable","STEM",3.1,2,5,5,5,5,5,3,5,2,5,3,4,5,2,4,1,5,5,3,2,5,2,5,2,4,4,1,1,5,5,3.333,3.333,5,4.667,2.333,4.4,3,3.667
"65ac1f1f0cc1792287becdd7",427,"Woman","No","No","No",NA,"Yes","Associate","liberal arts","n/a","Not STEM",3.59,1,4,4,5,2,5,3,3,4,5,3,4,4,5,2,5,4,2,1,2,2,4,2,5,5,5,5,5,5,5,2.667,3,4,4.667,3.833,2.6,5,5
"65cefa3bddb7be095ddde1af",249,"Woman","Yes","No","No",NA,"No","Associate","Computer Science","N/A","STEM",3.5,3,3,4,3,5,3,4,4,3,5,5,4,5,4,4,3,4,4,2,4,5,3,3,3,3,2,2,3,2,1,3.667,4.333,3.333,4,3.5,4,2.333,2
"6100b19bde00aeeb7a6159cc",151,"Woman","No","Yes","Yes",3,NA,"Doctorate","biology","n/a","STEM",3.9,4,4,4,4,4,4,4,4,4,4,4,4,5,5,4,4,4,4,1,3,3,4,3,4,5,5,5,5,5,5,4,4,4,4,4,3.4,5,5
"5d5809017d795e001988c0d4",173,"Woman","Yes","No","No",NA,"Yes","HS/GED","Bachelors in Nursing","N/A","STEM",3.9,4,4,4,3,3,4,4,3,3,4,5,4,4,4,3,2,2,2,2,3,3,4,2,3,4,3,3,5,4,4,4,3.667,3.333,4,3,2.8,3.333,4.333
"65cba11d06fddb87565558ca",232,"Woman","No","Yes","Yes",6,NA,"HS/GED","Chemical Engineering","Management","STEM",3.49,4,3,3,4,2,5,3,4,2,5,3,4,3,4,2,4,2,4,2,4,4,4,2,4,3,3,3,3,2,2,3.333,2.333,3.667,4.667,4,2.6,3,2.333
"65cb9396b64c5bf3a3c9cbf1",225,"Woman","Yes","No","Yes",2,NA,"HS/GED","Psychology","Philosophy","STEM",3.9,2,4,2,4,3,2,2,2,1,5,3,5,3,2,4,2,2,4,3,3,4,2,2,2,2,3,3,4,4,4,2,2.333,3.333,4,2.5,3.2,2.667,4
"5f58597e2f53113c7bd47ab3",211,"Man","No","No","Yes",1,NA,"Associate","Computer science","Mathematic","STEM",4,4,3,4,4,1,1,4,3,1,1,1,1,4,4,3,4,3,4,3,4,3,4,3,4,3,2,2,1,1,1,4,1,3.333,1,4,3.2,2.333,1
"5e574f393e26c90f2b47b96c",369,"Woman","No","Yes","No",NA,"Yes","Associate","Computer Science","N/A","STEM",3.8,4,4,4,4,4,4,4,3,4,4,4,4,5,4,3,4,5,5,3,4,4,4,3,4,5,5,5,5,5,5,4,4,3.667,4,4.167,4,5,5
"62ce01e10103af1a049c6b31",243,"Man","Yes","Yes","No",NA,"Yes","Bachelor","Audio Engineering","n/a","Not STEM",3.5,4,4,4,4,1,4,4,3,1,1,5,5,5,3,3,3,5,3,4,2,5,2,4,2,4,2,2,4,4,4,4,2.333,3.667,3.333,2.5,4.4,2.667,4
"610b11a80509e50dd322a906",358,"Woman","No","Yes","No",NA,"Yes","Associate","Nursing","N/A","STEM",3.85,4,4,4,4,3,4,4,3,3,3,3,4,3,2,2,3,4,4,2,2,3,3,3,3,4,5,5,4,5,5,4,3,3.667,3.667,2.833,2.8,4.667,4.667
"65cc503b2b3565cba17be791",228,"Woman","Yes","No","No",NA,"No","Bachelor","accounting, finance","none","Not STEM",3.41,3,4,3,4,2,5,4,5,2,5,4,5,2,5,1,5,2,4,1,4,3,5,1,5,4,4,4,4,4,4,3.333,2.667,4.333,5,4.667,1.8,4,4
"65d5207c5a28986aba880a4c",193,"Woman","No","No","No",NA,"No","HS/GED","Business real estate","N/A","Not STEM",3.72,4,4,4,4,4,4,4,4,2,4,2,4,3,2,3,2,4,4,4,3,2,2,2,2,4,4,4,3,3,3,4,2.667,4,4,2.5,3.2,4,3
"65aee576ac09f8926668a1fd",189,"Other","Yes","Yes","No",NA,"Yes","Bachelor","Nursing","None","STEM",4,2,2,1,3,2,4,2,2,1,3,3,3,5,4,5,3,5,3,5,1,5,4,5,2,3,3,2,2,2,1,1.667,2,2.333,3.333,2.833,5,2.667,1.667
"65448b199021d3a8d55ae80e",229,"Man","Yes","No","No",NA,"Yes","Bachelor","History","n/a","Not STEM",3.8,5,3,5,3,5,2,5,2,5,2,5,2,5,2,5,2,5,3,4,2,5,3,5,2,3,3,3,3,3,3,5,5,2.667,2,2.333,4.8,3,3
"6431fa7dd113eda38603cabc",241,"Man","Yes","Yes","No",NA,"Yes","Bachelor","Nutrition, Biology","Psychology","STEM",3.6,5,5,5,5,4,5,5,5,4,4,4,5,4,4,3,2,4,4,3,3,3,3,2,4,2,1,1,4,1,1,5,4,5,4.667,3.333,3.4,1.333,2
"65cb6c93a2b5419209db3f1f",467,"Woman","No","No","No",NA,"Yes","Associate","Behavioral Neuroscience","N/A","Not STEM",2.97,4,3,4,3,3,4,4,3,3,4,4,3,4,2,4,2,4,2,4,2,4,2,4,2,3,2,2,3,3,3,4,3.333,3,3.667,2,4,2.333,3
"62029779ef1cb18a1337c0f7",238,"Man","Yes","No","No",NA,"Yes","HS/GED","Architecture","N/A","STEM",3.1,4,4,4,4,2,3,4,5,1,3,3,3,4,3,3,3,4,2,2,2,4,4,2,2,4,3,3,3,3,2,4,2,4.333,3,2.667,3.4,3.333,2.667
"655ff3dc53e8c9955c6d2132",140,"Woman","Yes","No","No",NA,"Yes","HS/GED","political science","sociology","Not STEM",4,2,5,2,4,4,1,5,5,1,4,3,4,4,3,4,3,5,5,4,2,2,2,3,3,4,5,5,4,4,4,3,2.667,4.667,3,3,3.8,4.667,4
"65cbc995b17bdcea60aa8308",295,"Woman","Yes","Yes","No",NA,"Yes","HS/GED","Speech and Hearing Sciences","Linguistics","Not STEM",3.81,3,5,5,5,4,5,3,5,4,5,4,5,4,3,4,2,5,5,4,2,5,3,4,2,5,5,5,4,4,4,3.667,4,5,5,2.833,4.4,5,4
"658ef999acd5710c94c08490",242,"Woman","No","No","No",NA,"Yes","HS/GED","Pre-Pharmacy","N/A","STEM",3.7,3,5,3,5,2,5,2,5,2,5,3,5,3,4,2,2,5,5,2,3,4,4,3,3,2,2,2,4,4,4,2.667,2.333,5,5,3.5,3.2,2,4
"63460f79457f687948f53b88",281,"Man","Yes","Yes","Yes",30,NA,"Master","Industrial Engineering","N/A","STEM",3.58,4,3,5,3,4,5,5,3,5,5,4,5,3,4,2,4,4,5,4,4,4,5,4,4,3,3,3,3,4,3,4.667,4.333,3,5,4.333,3.4,3,3.333
"65d50a06744dd0c01b038547",221,"Woman","No","Yes","Yes",7,NA,"HS/GED","Physiology","East Asian Studies","STEM",4,5,5,5,5,5,5,5,4,4,4,5,4,4,5,3,5,5,5,2,4,3,5,2,5,5,5,5,5,4,4,5,4.667,4.667,4.333,4.833,3.4,5,4.333
"65ee434eaa1aed668c84eb70",206,"Woman","Yes","No","No",NA,"Yes","Bachelor","Cognitive Science","n/a","STEM",3,2,2,3,3,2,3,2,1,2,2,3,3,4,3,3,2,4,3,2,1,3,3,2,2,2,2,2,2,3,3,2.333,2.333,2,2.667,2.333,3.2,2,2.667
"65afe752c7c336dcf6ca0739",216,"Woman","No","Yes","Yes",0,NA,"Bachelor","Medical Student (Biochem undergrad major)","Psychology","STEM",3.98,5,5,5,5,4,3,5,3,3,4,4,3,5,4,5,3,5,5,5,5,5,3,5,3,5,5,5,5,5,5,5,3.667,4.333,3.333,3.833,5,5,5
"65aed67f38bccce795a29383",418,"Man","Yes","Yes","No",NA,"Yes","HS/GED","Computer Science","n/a","STEM",3.75,4,5,5,5,5,5,5,5,5,5,5,5,4,5,3,5,4,5,2,3,4,5,2,4,4,5,3,5,5,5,4.667,5,5,5,4.5,3.4,4,5
"610016afc022650a809d6c84",304,"Woman","Yes","No","No",NA,"Yes","Bachelor","nursing","n/a","STEM",3.4,3,4,4,4,3,4,4,3,3,4,3,4,4,4,4,4,4,4,3,4,4,4,3,4,4,4,4,3,3,3,3.667,3,3.667,4,4,3.8,4,3
"65ced4a0331028ff568c97d7",304,"Woman","Yes","No","No",NA,"Yes","HS/GED","Molecular and Cell Biology","Global Public Health, Data Science","STEM",3.53,2,4,4,4,2,5,4,4,2,5,4,5,5,4,3,4,3,4,1,3,4,3,2,3,4,4,4,5,5,5,3.333,2.667,4,5,3.5,3.2,4,5
"6526437a858fe5cdc54aa8aa",181,"Man","Yes","No","No",NA,"Yes","Bachelor","Computer Engineering","N/A","STEM",3.4,4,4,4,4,1,5,4,3,2,4,3,4,5,5,4,5,4,5,3,4,5,5,5,5,3,4,4,4,4,3,4,2,3.667,4.333,4.833,4.2,3.667,3.667
"65cb708afe5755feaeec417f",239,"Woman","No","No","No",NA,"Yes","HS/GED","Accounting","N/A","Not STEM",3.8,1,4,2,5,2,5,2,4,1,5,2,5,5,3,3,2,4,4,1,1,4,4,3,3,5,5,5,2,4,3,1.667,1.667,4.333,5,2.833,3.4,5,3
"65cbe7be5929901dd530e29a",182,"Woman","Yes","Yes","Yes",1,NA,"Bachelor","Biology","French","STEM",3.2,4,4,3,4,3,4,4,4,3,4,4,4,5,4,5,4,5,5,5,3,5,2,5,4,5,5,4,5,5,5,3.667,3.333,4,4,3.667,5,4.667,5
"65cb85708518a954f8158de2",216,"Woman","No","Yes","No",NA,"Yes","HS/GED","Computer Engineering","n/a","STEM",3.73,3,4,4,4,3,5,3,4,3,4,3,5,3,4,3,4,4,4,2,3,3,4,2,4,2,2,3,3,3,3,3.333,3,4,4.667,3.833,3,2.333,3
"65d7e892ede5cc787cc474cb",291,"Woman","Yes","Yes","No",NA,"Yes","Master","bipsychology/neuroscinece ; human-computer interaction","entrepreneurship","STEM",4,2,5,4,4,3,5,2,4,2,2,2,3,5,3,4,1,5,4,3,1,5,3,4,2,5,5,5,3,4,4,2.667,2.333,4.333,3.333,2.333,4.4,5,3.667
"65cb62019967e5393a786f30",179,"Woman","Yes","Yes","No",NA,"Yes","HS/GED","Biomedical Science","Global Public Health","STEM",4,4,4,4,4,3,5,4,5,3,5,4,5,4,4,4,4,5,5,3,3,4,4,3,3,4,4,4,4,4,4,4,3.333,4.333,5,3.833,4,4,4
"5d4f8945dec7eb0019a030e8",136,"Woman","Yes","Yes","Yes",2,NA,"Bachelor","Computer science/ environmental earth science","Japanese","STEM",3.6,4,4,4,5,2,5,5,4,4,4,4,5,5,2,2,3,4,3,2,3,4,3,3,2,4,4,4,4,4,4,4.333,3.333,4.333,4.667,2.667,3.4,4,4
"65957c78f45ef7fc4e27df09",836,"Woman","No","No","No",NA,"Yes","Bachelor","psychology","health","Not STEM",3.8,4,4,4,4,4,4,4,3,2,4,4,4,3,2,4,2,4,4,3,2,4,3,4,2,4,4,4,5,4,4,4,3.333,3.667,4,2.5,3.6,4,4.333
"655fa9148d19c2c4379d5182",317,"Woman","No","Yes","No",NA,"Yes","HS/GED","Computer Science","Media Studies","STEM",3.56,4,4,4,4,4,4,4,2,4,3,4,4,4,4,5,3,4,4,3,3,2,2,2,2,4,4,4,4,4,4,4,4,3.333,3.667,3,3.6,4,4
"6535d3f1b4ff80adff474548",250,"Woman","No","Yes","No",NA,"Yes","Master","Human Genetics",NA,"STEM",4,4,5,5,5,3,3,4,5,3,2,3,2,5,5,5,4,5,5,3,4,5,4,4,5,5,5,5,4,4,4,4.333,3,5,2.333,4.5,4.6,5,4
"65cbac7bda544f05fb8fe69c",203,"Woman","Yes","Yes","Yes",4,NA,"HS/GED","politics, philosophy","N/A","Not STEM",3.67,4,4,4,4,4,3,4,2,3,2,4,3,4,2,4,1,4,2,3,2,4,1,5,1,3,2,2,3,2,2,4,3.667,3.333,2.667,1.5,3.8,2.333,2.333
"65cb938d60f5d003291e89ac",240,"Woman","Yes","Yes","No",NA,"Yes","Bachelor","Biology","Psychology","STEM",3.48,4,4,5,5,4,4,3,3,3,3,5,3,4,4,2,4,4,4,2,3,3,4,2,4,4,4,5,5,5,5,4,4,4,3.333,3.833,3,4.333,5
"65b57bfd15649e564a9cb166",203,"Woman","Yes","Yes","Yes",7,NA,"HS/GED","Materials Engineering","N/A","STEM",3.47,5,4,5,5,1,1,5,3,1,1,5,4,4,5,4,4,5,5,3,3,5,4,5,4,4,2,2,4,4,4,5,2.333,4,2,4.167,4.2,2.667,4
"65cbf2dac04ba503f9d77db1",267,"Woman","Yes","No","No",NA,"Yes","HS/GED","Studio Art for Transfer","not applicable","Not STEM",3.44,3,4,4,4,1,4,3,4,3,5,2,4,3,3,2,3,3,2,2,2,5,4,3,3,2,4,4,3,4,3,3.333,2,4,4.333,2.833,3,3.333,3.333
"65d51baa9930b7a969cca0f7",200,"Woman","Yes","No","No",NA,"No","HS/GED","Economics","Accounting","Not STEM",3.22,3,4,3,3,3,4,3,3,3,4,3,4,4,4,3,3,4,4,2,3,3,3,3,3,3,4,3,3,3,4,3,3,3.333,4,3.333,3.2,3.333,3.333
"65d530b72ebcf271c99b62b2",239,"Woman","Yes","No","No",NA,"No","HS/GED","Psychology","Sociology","STEM",4,3,5,4,5,3,5,4,5,3,5,3,5,5,4,4,4,5,4,3,3,5,3,3,3,2,2,2,5,4,4,3.667,3,5,5,3.5,4.4,2,4.333
"5d6813419431030016281222",148,"Woman","Yes","No","No",NA,"Yes","HS/GED","Computer Science","N/A","STEM",3.85,4,4,3,4,3,4,4,4,3,4,4,5,4,4,4,3,4,5,3,3,4,3,4,3,3,3,3,3,3,3,3.667,3.333,4,4.333,3.5,3.8,3,3
"65b907b48c3f707d22e09f90",268,"Man","Yes","Yes","No",NA,"Yes","HS/GED","Neuroscience","Chemistry","STEM",3.8,4,4,3,3,2,4,3,3,1,3,4,3,5,5,5,5,4,5,2,3,4,5,3,4,3,3,2,3,3,3,3.333,2.333,3.333,3.333,4.5,4,2.667,3
"57619c099fce230007797320",267,"Man","No","Yes","No",NA,"Yes","Bachelor","Accounting","n/a","Not STEM",3.7,3,2,5,2,3,2,5,2,3,2,4,2,5,3,4,3,4,4,3,2,4,3,3,3,3,3,3,2,2,2,4.333,3.333,2,2,3,4,3,2
"60fdf18884991b2263f75eec",243,"Woman","Yes","Yes","Yes",3,NA,"HS/GED","Computer Science","N/A","STEM",3.56,3,4,3,4,2,5,4,2,1,5,4,3,4,3,4,2,3,4,2,4,5,3,3,3,4,3,3,3,4,3,3.333,2.333,3.333,4.333,3.167,3.6,3.333,3.333
"655f8b7458396983e21d35cc",242,"Woman","No","Yes","Yes",2,NA,"HS/GED","psychology","na","Not STEM",3.91,4,3,2,5,3,1,2,4,2,4,2,4,4,5,3,5,4,5,1,3,4,5,2,4,2,3,2,2,2,3,2.667,2.333,4,3,4.5,3.2,2.333,2.333
"64ebc24a8921061fcf72748d",181,"Woman","No","Yes","No",NA,"Yes","Associate","Sociology","Social Data Science","Not STEM",4,4,5,4,5,4,5,4,5,3,5,4,5,4,3,4,2,4,5,2,3,4,2,4,2,4,4,4,4,4,4,4,3.667,5,5,2.833,3.6,4,4
"65511607abf6cccaa5bad8c6",186,"Woman","Yes","Yes","No",NA,"Yes","HS/GED","Business","Japanese","Not STEM",4,3,5,3,5,3,5,3,5,3,5,3,5,3,5,1,5,3,5,1,5,1,5,1,5,2,3,2,3,3,4,3,3,5,5,5,1.8,2.333,3.333
"5ec796fd756dc001ff4d9c4e",133,"Man","Yes","Yes","No",NA,"Yes","HS/GED","Music Performance","Music Business","Not STEM",3.91,4,5,5,4,2,2,4,4,2,2,3,2,4,2,4,2,4,3,3,2,4,2,4,2,5,5,5,4,3,3,4.333,2.333,4.333,2,2.167,3.8,5,3.333
"65cb5ab499be01f6d1779d43",957,"Woman","No","Yes","Yes",1,NA,"Doctorate","pharmacy","n/a","STEM",3.14,4,3,5,3,1,4,4,3,1,4,5,3,4,4,3,4,5,5,4,5,4,5,4,5,5,4,4,4,3,3,4.333,2.333,3,3.667,4.667,4,4.333,3.333
"65d57f93dddf2f37836d548a",330,"Woman","Yes","No","Yes",1,NA,"Master","Psychology","English","Not STEM",3.95,4,5,5,5,4,5,5,4,4,5,2,4,5,3,5,2,5,4,5,2,4,1,4,3,3,3,4,5,4,4,4.667,3.333,4.667,4.667,2.5,4.8,3.333,4.333
"65af49de258f4c49e40879ca",131,"Woman","Yes","No","Yes",0,NA,"HS/GED","History","n/a","Not STEM",3.87,3,4,3,4,3,3,3,3,3,4,3,3,4,1,4,1,5,1,5,1,5,1,5,1,4,4,4,4,4,4,3,3,3.667,3.333,1,4.6,4,4
"65cbcaaab9e2fae86452af73",224,"Woman","No","No","No",NA,"Yes","HS/GED","Computer Information Systems","N/A","Not STEM",3.27,5,4,3,4,3,4,3,4,3,4,3,4,4,3,4,3,3,4,2,4,4,3,2,3,5,4,4,4,4,5,3.667,3,4,4,3.333,3.4,4.333,4.333
"6133241aa65f56d5102b58f3",183,"Man","Yes","No","No",NA,"Yes","Associate","English","N/A","Not STEM",2,3,2,2,2,3,4,3,2,3,3,3,4,4,1,4,1,5,3,3,1,4,1,4,1,4,5,5,4,4,4,2.667,3,2,3.667,1.333,4,4.667,4
"5f2908bb9c5b402bc5b1a9b7",350,"Woman","Yes","No","No",NA,"No","Master","Audiology (MA), Sign Language Interpreting (pursuing AAS)","N/A","Not STEM",3.9,4,4,5,3,2,3,5,2,3,3,5,3,3,4,3,4,3,4,1,3,2,4,1,4,5,4,5,4,5,3,4.667,3.333,3,3,3.833,2.4,4.667,4
"6413a7cd7df0a6b1d2b69d0c",276,"Man","Yes","No","No",NA,"Yes","Bachelor","Biology and Business","N/A","Not STEM",3.3,3,2,4,4,2,1,3,1,3,2,2,2,4,3,2,1,4,3,3,2,4,2,1,1,4,4,4,2,1,4,3.333,2.333,2.333,1.667,2,3.4,4,2.333
"5c044aa9a2fe070001990a32",253,"Man","No","Yes","No",NA,"Yes","Associate","Computer Science","N/A","STEM",3.52,3,4,3,4,4,3,5,2,3,3,3,3,5,4,4,3,3,5,3,2,3,3,3,3,4,3,2,3,2,2,3.667,3.333,3.333,3,3.333,3.6,3,2.333
"5f16ff89ea30c001ece617bc",272,"Man","Yes","No","No",NA,"Yes","Associate","Aerospace Engineering","N/A","STEM",3.3,4,4,4,3,2,3,3,4,4,3,4,3,3,4,4,3,3,4,4,3,3,4,4,3,4,4,3,3,4,4,3.667,3.333,3.667,3,3.5,3.4,3.667,3.667
"6158bb338b6122275bc191e3",193,"Other","Yes","Yes","No",NA,"Yes","Master","Computer Science","Cognitive Science","STEM",4,3,4,5,4,2,3,3,2,3,3,3,2,5,5,4,4,3,5,3,4,4,4,3,4,2,2,1,3,3,3,3.667,2.667,3.333,2.667,4.333,3.8,1.667,3
"6598942c3d07928cc188ffdb",185,"Man","Yes","No","No",NA,"Yes","HS/GED","kinesiology","music technology","Not STEM",3.6,2,3,2,3,2,4,2,4,2,4,2,4,4,2,4,2,2,4,1,1,4,3,2,2,4,3,2,4,4,4,2,2,3.333,4,2.333,3,3,4
"65dd3e88b21f223565a33e7a",184,"Man","Yes","No","No",NA,"Yes","HS/GED","Computer Engineering","None","STEM",2.75,3,3,4,3,4,4,2,3,4,4,5,4,4,4,4,4,4,4,3,3,4,4,4,4,4,2,2,3,3,3,3,4.333,3,4,3.833,3.8,2.667,3
"65cba86d7a1225e31f085d93",179,"Woman","No","Yes","Yes",1,NA,"HS/GED","health science","n/a","STEM",3.3,4,5,4,5,1,5,4,3,1,3,5,3,5,1,5,1,4,4,2,3,4,2,4,2,2,4,3,4,4,4,4,2.333,4.333,3.667,2.167,4,3,4
"65c38feb18c3664f15255d47",218,"Woman","No","Yes","Yes",3,NA,"HS/GED","Graphic Design",NA,"Not STEM",4,5,5,5,4,4,1,5,5,4,5,4,5,4,3,4,1,5,3,5,2,5,4,5,3,4,4,4,4,4,4,5,4,4.667,3.667,2.667,4.6,4,4
"65d93a94cd143c174c7c3013",375,"Woman","Yes","Yes","No",NA,"Yes","Bachelor","Medical Science","n./a","Not STEM",4,4,5,3,5,4,5,5,5,5,5,5,5,5,5,4,5,5,5,2,2,4,4,1,5,3,4,3,4,4,3,4,4.667,5,5,4.333,4,3.333,3.667
"65ce74fc3eef719d72d56ae9",279,"Woman","No","No","No",NA,"Yes","Associate","Electrical Engineering","N/A","STEM",3.33,5,3,5,4,1,5,5,3,1,4,5,4,4,4,2,4,2,5,1,5,3,4,1,5,1,1,1,1,1,1,5,2.333,3.333,4.333,4.5,2.4,1,1
"5f18610a63c761000bf6a39a",229,"Non-binary","Yes","Yes","No",NA,"Yes","Bachelor","Biology (BS), Spanish (BA), pursuing Biomedical Engineering (MS)","Certificate - Big Data Analytics","STEM",4,4,3,5,3,4,4,5,3,4,4,4,3,4,4,3,3,5,5,2,3,4,3,3,3,4,4,5,4,4,4,4.667,4,3,3.667,3.5,3.6,4.333,4
"6000ca0be380e61f33f7a0fa",211,"Man","Yes","Yes","Yes",0,NA,"Bachelor","Economics","Statistics","Not STEM",3.55,4,4,5,4,3,4,5,3,3,2,4,5,5,5,3,4,4,4,3,4,5,5,3,4,3,2,2,3,2,2,4.667,3.333,3.667,3.667,4.333,4,2.333,2.333
"5e65a37956f27a3290acfcbe",216,"Man","Yes","Yes","No",NA,"Yes","HS/GED","Computer Science","Computational Biology","STEM",3.94,4,4,5,4,2,3,4,4,4,3,4,3,3,4,2,4,2,5,1,4,1,5,2,4,4,4,4,2,2,3,4.333,3.333,4,3,4.333,1.8,4,2.333
"60fcf4fb9a5cdfcc26e4d121",197,"Woman","Yes","Yes","No",NA,"Yes","Master","Human biology, currently working towards my MD","Occupational science, Health Care sciences","STEM",3.65,4,5,4,5,4,5,3,5,3,5,5,4,5,4,3,3,4,3,2,4,5,5,2,4,5,3,4,4,4,4,3.667,4,5,4.667,3.833,3.8,4,4
"65ce5d8d0219b79ced7729cd",261,"Woman","Yes","Yes","No",NA,"Yes","HS/GED","Computer Science","N/A","STEM",3.6,4,4,3,4,2,3,3,3,2,2,3,2,4,4,2,4,2,4,2,3,2,4,2,4,3,2,2,2,2,2,3.333,2.333,3.667,2.333,3.833,2.4,2.333,2
"65d0fd191404636f46971776",192,"Woman","Yes","No","No",NA,"Yes","HS/GED","Undecided.",NA,"Not STEM",3.64,4,4,3,4,2,4,4,3,2,3,4,3,5,3,4,2,5,4,4,2,5,3,4,2,3,3,3,4,3,3,3.667,2.667,3.667,3.333,2.667,4.6,3,3.333
"65d586699088ec8e476ad029",268,"Woman","Yes","Yes","No",NA,"Yes","HS/GED","Biological Sciences","None","STEM",3.81,3,5,4,5,2,1,4,5,2,4,1,1,5,4,1,3,4,4,1,3,5,4,3,3,4,4,4,4,4,4,3.667,1.667,5,2,3.5,3.2,4,4
"5fc5612f227abc098a7f5b0c",196,"Woman","Yes","No","No",NA,"Yes","Master","biochemistry, french, medical science, doctor of osteopathic medicine","business","STEM",3.09,2,3,4,4,2,4,3,2,2,2,3,3,4,2,3,2,4,3,3,3,4,3,3,3,4,4,4,4,4,4,3,2.333,3,3,2.667,3.6,4,4
"65e7268999edcabd9a220240",227,"Non-binary","Yes","Yes","No",NA,"No","HS/GED","Psychology","N/A","Not STEM",2,5,5,5,4,4,4,5,5,5,4,5,4,5,4,4,4,4,5,2,4,5,4,2,4,2,2,2,2,3,2,5,4.667,4.667,4,4.167,4,2,2.333
"651b4d20230393335347efdb",261,"Man","Yes","No","No",NA,"Yes","Doctorate","Medicine","None","STEM",4,5,5,5,4,5,5,5,5,5,5,5,5,5,4,5,4,5,5,1,2,4,4,1,3,4,4,3,4,5,4,5,5,4.667,5,3.667,4,3.667,4.333
"5e17945242fb0b000da71b21",276,"Man","No","No","No",NA,"Yes","Bachelor","PH/GH","N/A","Not STEM",3.5,3,3,5,3,2,3,3,2,2,1,1,1,4,3,2,3,4,2,2,2,5,2,5,2,4,4,4,2,2,2,3.667,1.667,2.667,1.667,2.333,3.4,4,2
"5e56a66121583601d3c3526a",236,"Woman","Yes","Yes","No",NA,"Yes","Bachelor","Public Health",NA,"STEM",4,5,5,5,5,1,1,5,5,1,5,5,5,5,3,4,1,5,5,3,3,5,3,4,2,3,3,3,2,4,3,5,2.333,5,3.667,2.833,4.4,3,3
"65cd2c978b32d5dfce910cbd",295,"Woman","Yes","Yes","No",NA,"Yes","Bachelor","Psychology","None","Not STEM",3.97,5,4,5,4,4,3,4,4,4,4,4,4,5,4,4,2,4,4,4,2,4,3,3,3,4,4,4,5,3,3,4.667,4,4,3.667,3,4.2,4,3.667
"61084d5606f7f1e9239785a2",470,"Man","Yes","No","No",NA,"Yes","Bachelor","Accounting","N/A","Not STEM",3.5,4,4,4,4,4,4,4,4,4,4,4,4,5,4,3,3,5,5,1,1,4,4,1,4,3,3,3,5,5,5,4,4,4,4,3.5,3.6,3,5
"65e15fd24b872be094cb697e",304,"Man","No","No","No",NA,"Yes","Bachelor","Biochemistry and molecular biology","Spanish","STEM",3.98,4,4,4,4,2,3,4,4,2,3,4,3,4,5,4,5,5,5,3,5,4,5,4,5,5,5,5,1,2,2,4,2.667,4,3,5,4,5,1.667
"65ce4d74274700a537cc560c",187,"Woman","Yes","No","No",NA,"Yes","Bachelor","Law","N/A","Not STEM",2.9,2,4,2,4,3,4,2,4,3,4,3,4,4,2,4,2,5,3,3,1,4,1,4,1,4,4,4,4,4,4,2,3,4,4,1.667,4,4,4
"65412ca42e0e2fbb27b8a7b2",133,"Man","Yes","Yes","No",NA,"Yes","HS/GED","Biochemistry","N/A","Not STEM",4,5,5,5,5,1,3,5,5,5,4,4,4,5,5,2,4,5,5,3,3,4,4,3,4,3,1,2,3,3,3,5,3.333,5,3.667,4.167,3.8,2,3
"6562617f736ba20cacd63ab6",400,"Woman","Yes","Yes","No",NA,"Yes","Bachelor","Biochemistry","History","STEM",3.6,3,2,4,2,1,2,3,2,1,1,3,2,4,2,2,1,2,2,1,3,4,2,2,2,3,3,3,2,1,2,3.333,1.667,2,1.667,2,2.6,3,1.667
"65345c123ea7ca867237e6e0",160,"Man","Yes","No","No",NA,"No","HS/GED","Economics","Computer science","Not STEM",3.15,4,4,4,3,5,3,3,2,4,3,4,3,4,5,3,5,4,5,3,5,2,5,3,5,3,4,4,5,4,4,3.667,4.333,3,3,5,3.2,3.667,4.333
"65cf8ac9f84f94ddc87e985f",164,"Woman","Yes","Yes","Yes",1,NA,"Bachelor","Psychology","nutrition","STEM",3.45,2,4,3,4,4,4,3,3,3,4,1,4,3,2,2,4,4,4,4,4,4,4,3,3,4,5,4,4,4,4,2.667,2.667,3.667,4,3.5,3.4,4.333,4
"65cbbd44c0db5f5e848d0b20",218,"Woman","Yes","No","No",NA,"Yes","Bachelor","Public Health","Management","Not STEM",3.75,4,4,5,3,3,3,5,3,3,3,3,3,3,4,2,4,3,3,2,2,4,4,3,3,4,4,4,3,3,4,4.667,3,3.333,3,3.333,2.8,4,3.333
"654cea5cc0c606caa1bdb13e",182,"Man","No","Yes","Yes",1,NA,"HS/GED","Electrical Engineering","N/A","STEM",3.32,3,4,3,4,3,5,3,5,3,4,4,4,4,4,3,4,2,4,2,4,4,4,3,4,3,3,3,4,4,3,3,3.333,4.333,4.333,4,3,3,3.667
"65cb6740f3d666a1448b4a30",191,"Woman","No","Yes","Yes",0,NA,"HS/GED","Biology","N/A","STEM",3.42,4,5,4,5,1,4,5,4,1,1,1,4,5,3,4,1,5,3,4,3,5,2,4,1,4,4,4,3,3,3,4.333,1,4.667,3,2.167,4.6,4,3
"65cbb3d32c041c0246861728",188,"Woman","Yes","No","No",NA,"Yes","Bachelor","Majored in physics and chemistry in undergrad, currently in grad school for applied physics","In undergrad had a math minor","STEM",3.8,3,3,3,3,2,2,3,2,2,3,5,3,4,4,2,4,3,3,2,3,3,3,2,3,2,3,3,2,2,2,3,3,2.667,2.667,3.333,2.8,2.667,2
"62a25c61a50ccd1ffb6729fb",431,"Woman","No","Yes","No",NA,"Yes","Bachelor","Animation","N/A","Not STEM",3.49,5,5,5,4,3,5,5,4,4,5,5,5,4,1,3,1,5,2,3,1,4,1,4,1,4,5,5,3,5,5,5,4,4.333,5,1.167,3.8,4.667,4.333
"65e38da48d09193d6270ec52",381,"Woman","Yes","No","No",NA,"No","HS/GED","Psychology","Deaf studies","Not STEM",3.84,4,4,2,4,2,4,4,3,2,3,3,3,4,3,4,2,4,4,2,1,5,2,2,1,2,2,3,4,5,5,3.333,2.333,3.667,3.333,2.167,3.8,2.333,4.667
"65d515989a6328b0ad497f36",312,"Woman","Yes","No","No",NA,"Yes","HS/GED","Human Development and Family Science","n/a","STEM",4,4,5,3,5,3,4,3,5,2,5,3,4,4,5,4,5,5,5,3,3,4,4,3,4,3,4,3,4,3,5,3.333,2.667,5,4.333,4.333,4,3.333,4
"60fe0df0dff66fde69e4ca76",267,"Woman","No","No","Yes",NA,NA,"HS/GED","Public Health- Pre Occupational Therapy","n/a","Not STEM",3.1,5,5,5,5,5,5,5,5,5,5,5,5,4,4,4,4,4,4,3,3,4,3,4,3,4,5,5,4,5,5,5,5,5,5,3.5,3.8,4.667,4.667
"60feb9af1d56359bd85bb83f",236,"Woman","Yes","Yes","No",NA,"Yes","HS/GED","Microbiology","Applied Biotechnology","STEM",3.84,4,4,4,5,1,1,4,4,3,4,4,4,4,4,3,2,4,4,2,2,4,4,3,4,4,4,4,4,4,4,4,2.667,4.333,3,3.333,3.4,4,4
"5fdce42b1976282fd3db47e4",214,"Man","No","Yes","No",NA,"Yes","HS/GED","Political science","n/a","Not STEM",3.5,3,3,3,4,1,4,3,4,1,4,3,4,4,2,4,2,4,3,3,2,3,2,4,2,3,4,3,3,3,2,3,1.667,3.667,4,2.167,3.6,3.333,2.667
"655fcf54056edf3065f74b91",851,"Woman","No","Yes","No",NA,"Yes","HS/GED","Health Promotion","Biology","STEM",3.68,5,3,5,3,1,1,4,3,2,4,4,4,5,4,4,2,5,5,4,3,4,3,4,3,3,4,4,4,4,4,4.667,2.333,3,3,3.333,4.4,3.667,4
"609d9d4ac5a6c58f5554af71",256,"Woman","Yes","Yes","Yes",0,NA,"Master","Philosophy","N/A","STEM",3.4,5,5,5,5,4,4,5,4,3,4,4,4,5,5,5,5,5,5,3,3,5,4,4,4,3,3,3,4,4,3,5,3.667,4.667,4,4.333,4.6,3,3.667
"5f04ab498d53cb0df98434d4",228,"Woman","No","Yes","No",NA,"Yes","Bachelor","Political science","n/a","Not STEM",3.9,3,3,4,3,3,3,4,3,3,3,3,3,4,4,3,3,4,4,3,3,4,4,4,4,3,2,2,3,2,2,3.667,3,3,3,3.667,3.6,2.333,2.333
"65cbfcf02efd76eb9e921516",167,"Woman","Yes","Yes","No",NA,"Yes","HS/GED","Psychology","Global Health","STEM",3.57,3,5,2,4,3,4,3,4,1,4,2,4,4,4,5,3,5,5,4,3,4,3,3,3,3,4,4,3,4,4,2.667,2,4.333,4,3.5,4.4,3.667,3.667
"65d5fbd917a8154178bfcfe1",272,"Woman","Yes","No","Yes",NA,NA,"HS/GED","Nursing","n/a","STEM",3.4,4,4,4,4,3,4,4,3,1,3,3,4,2,4,2,4,2,2,1,3,1,2,1,2,1,2,2,2,4,4,4,2.333,3.667,3.667,2.833,1.6,1.667,3.333
"6584777affe8fe48f8bab87f",157,"Woman","Yes","Yes","Yes",2,NA,"Bachelor","Mathematics","Pre-Health, Psychology","STEM",3.7,4,5,4,4,4,5,5,5,3,5,2,5,1,3,3,4,4,5,2,4,1,2,3,3,4,4,4,4,5,5,4.333,3,4.667,5,3.5,2.2,4,4.667
"65cba1e0db16560a8e707fee",223,"Woman","No","No","Yes",0,NA,"HS/GED","computer science, information technology","n/a","STEM",3.2,3,4,3,3,1,5,3,3,3,4,3,5,3,2,4,3,3,4,2,1,4,3,3,2,4,4,3,3,3,3,3,2.333,3.333,4.667,2.5,3.2,3.667,3
"5c7cb24bac90ae000144c910",164,"Man","Yes","Yes","No",NA,"Yes","HS/GED","Computer Science","N/A","STEM",3.1,2,3,3,5,3,5,2,4,3,5,3,5,4,5,3,4,3,4,1,2,3,3,3,4,3,4,4,4,3,4,2.333,3,4,5,3.667,2.8,3.667,3.667
"63e4787f8eddedf65f9348fb",391,"Man","No","No","No",NA,"Yes","HS/GED","General Studies","N/A","Not STEM",3,2,3,4,3,3,4,4,3,3,4,3,4,3,2,4,1,4,4,1,1,3,2,2,2,2,3,3,1,4,2,3.333,3,3,4,2,3,2.667,2.333
"5d1b8ca0d057270001a0abca",556,"Woman","Yes","Yes","No",NA,"Yes","Bachelor","psychology and global health","N/A","Not STEM",3.84,3,3,3,3,3,1,3,2,2,1,2,1,4,4,4,4,4,4,2,2,4,4,2,3,4,4,4,4,4,2,3,2.333,2.667,1,3.5,3.6,4,3.333
"610968a69e84ed01009e9b64",225,"Woman","Yes","No","No",NA,"Yes","Bachelor","Law",NA,"Not STEM",3.58,4,5,3,5,3,5,4,5,3,5,3,5,4,5,3,4,5,3,2,3,4,4,3,3,3,3,3,4,4,4,3.667,3,5,5,3.667,3.6,3,4
"65cbdfcbb1aedbf22034d8fd",410,"Woman","Yes","No","No",NA,"No","HS/GED","Nuclear medicine","N/A","STEM",3.98,3,3,4,4,3,4,3,2,2,3,4,3,4,4,3,4,4,4,3,3,4,4,4,4,2,3,2,4,4,4,3.333,3,3,3.333,3.833,3.6,2.333,4
"65628de36fd5d60bfd65f6fe",210,"Man","No","No","Yes",15,NA,"HS/GED","History","/","Not STEM",3.59,4,4,4,4,4,4,4,4,3,4,4,3,4,2,4,2,4,1,4,1,4,2,4,2,3,2,2,3,2,2,4,3.667,4,3.667,1.667,4,2.333,2.333
"65d3ab06b782a47dfe23d572",212,"Woman","No","Yes","Yes",1,NA,"HS/GED","double major finance and marketing","n/a","Not STEM",4,3,5,3,4,3,5,3,4,3,4,4,5,4,4,5,4,4,5,3,3,5,5,2,4,3,5,5,3,5,5,3,3.333,4.333,4.667,4.167,4.2,4.333,4.333
"5c76616a7fafbd00114723f5",800,"Man","Yes","Yes","No",NA,"Yes","HS/GED","Education","n/a","Not STEM",2.87,4,3,5,3,2,3,4,2,3,3,4,4,4,3,5,3,5,5,4,3,5,4,5,3,3,3,3,5,4,4,4.333,3,2.667,3.333,3.5,4.6,3,4.333
"65828151504edb3149e2db58",296,"Woman","No","Yes","Yes",0,NA,"Bachelor","Biology/Psychology","N/A","STEM",3.9,4,4,4,4,2,5,3,3,3,4,3,4,4,3,3,3,4,4,3,3,5,5,3,3,5,4,4,3,3,3,3.667,2.667,3.667,4.333,3.5,3.8,4.333,3
"65cebd463eef719d72d57a90",200,"Woman","Yes","Yes","No",NA,"Yes","Bachelor","Business Administration","Marketing and Management Information Systems","STEM",3.92,3,5,3,5,4,5,4,5,4,5,3,5,5,5,5,5,5,4,3,3,4,4,4,4,3,3,3,5,5,5,3.333,3.667,5,5,4.167,4.4,3,5
"65d509e9ef40f8b8cbf93834",196,"Woman","Yes","No","No",NA,"Yes","Master","psychology","n/a","Not STEM",3.86,4,4,4,4,4,4,4,4,4,4,4,4,4,5,3,4,4,4,1,4,4,4,2,4,4,4,4,4,4,4,4,4,4,4,4.167,3.2,4,4
"60b964cbdd0817815f7c3d32",200,"Man","Yes","No","No",NA,"Yes","Master","business","computer science","STEM",3.7,4,5,4,5,2,3,4,2,3,4,2,3,4,4,3,4,4,5,4,3,4,5,3,5,4,4,3,2,3,2,4,2.333,4,3.333,4.333,3.8,3.667,2.333
"61081b2c9ad8bc5f74f13c32",256,"Woman","Yes","Yes","No",NA,"Yes","Bachelor","Biology","N/A","STEM",3.78,5,5,4,5,1,3,4,5,1,3,1,3,5,5,5,5,5,5,3,5,5,5,4,5,4,4,3,4,3,3,4.333,1,5,3,5,4.6,3.667,3.333
"60147514665c424b4b812e7d",291,"Man","Yes","Yes","No",NA,"Yes","HS/GED","Biochemistry","Computer Science","STEM",3.88,3,4,3,4,2,5,4,4,2,3,4,5,5,5,2,5,4,5,2,4,4,5,2,4,2,2,2,3,2,3,3.333,2.667,4,4.333,4.667,3.4,2,2.667
