"ProlificID","Condition","Score","AGQ_approach","AGQ_avoidance","Pre_Expectation","Post_Expectation","RIT","Belonging","Centrality","STAI_pre","STAI_post","Age","Duration (in seconds)","Gender","FirstGen","FirstGen_US","1st_immigrant","1st_age","2nd_immigrant","HighestDegree","Major","Minor","STEMMajor","GPA","M_Approach","M_Avoidance","P_Approach","P_Avoidance","Approach","Avoidance","Math_ID","Reading_ID","Racial_ID","Gender_ID"
"57619c099fce230007797320","Implicit",11,2,2.333,7,8,2.833,2.333,3,2.167,2.167,28,267,"Man","No","Yes","No",NA,"Yes","Bachelor","Accounting","n/a","Not STEM",3.7,4.333,3.333,2,2,3.167,2.667,3,3.833,3,2
"5766d657c8d7b400013782da","Explicit",9,4,4,3,3,3,3,4,2.667,2.333,21,177,"Woman","No","No","Yes",0,NA,"HS/GED","Computer Science & Data Science","N/A","STEM",3.5,4.333,3.333,3,3.333,3.667,3.333,3.5,3.167,4,2.333
"578e6c599bd3d70001e5057f","Explicit",7,4,4,4,4,2.5,2.333,2.333,2.667,2.667,24,2392,"Man","Yes","Yes","Yes",3,NA,"HS/GED","Applied Math and Statistics","n/a","STEM",3.7,4,3.333,3.667,4,3.833,3.667,4,3,3.333,2.667
"5b5955e7f2333f00013176b2","Control",10,2.667,4,8,8,2.333,2.333,5,2.5,2.5,23,183,"Woman","Yes","Yes","No",NA,"Yes","Master","Data Science","Computer Science","STEM",3.67,3.667,2.333,2.667,4,3.167,3.167,4.167,2.333,5,4
"5b5c3b266b25590001778ea1","Control",13,1,1,8,10,2,2.667,1,2,2,41,150,"Man","Yes","Yes","Yes",6,NA,"Associate","accounting","n/a","STEM",3.53,1,1,1,1,1,1,4.833,1.167,1,2
"5c044aa9a2fe070001990a32","Control",14,3,3,11,10,2.667,2.333,2.333,2.333,2.167,26,253,"Man","No","Yes","No",NA,"Yes","Associate","Computer Science","N/A","STEM",3.52,3.667,3.333,3.333,3,3.5,3.167,3.333,3.5,3,2.333
"5c395df5f5ebd50001850900","Control",11,1.667,1,8,8,2.667,3,2.333,3,3,28,219,"Man","No","Yes","No",NA,"Yes","Associate","Psychology","None","Not STEM",3.2,3.667,1.667,2,1,2.833,1.333,1.333,3.5,2.667,2.667
"5c4bfc488897520001567367","Implicit",10,3.333,4.333,7,5,3.167,2.667,4.667,2.667,2.333,27,214,"Woman","No","No","No",NA,"Yes","Bachelor","horticultural sciences",NA,"STEM",3.94,4,3.667,3.667,4.333,3.833,4,3.667,2.667,4.667,4
"5c76616a7fafbd00114723f5","Implicit",10,3.333,3.667,6,10,2.667,2,2.667,2.333,2,25,800,"Man","Yes","Yes","No",NA,"Yes","HS/GED","Education","n/a","Not STEM",2.87,4.333,3,2.667,3.333,3.5,3.167,3.5,4.667,3,4.333
"5c91b7eabc1a950001fbfdca","Explicit",8,4,4,8,10,2.333,3.667,3,2.667,2.333,22,199,"Woman","Yes","Yes","No",NA,"Yes","HS/GED","Biology, International Relations and Global Studies","Spanish and French","STEM",3.99,3,3.333,4,4,3.5,3.667,4,4,3.667,2
"5ca1c71d44a54a00166d1dd7","Control",11,4,4,5,5,3.667,3.333,3,1.667,1.667,37,236,"Man","No","Yes","Yes",2,NA,"Associate","sociology",NA,"Not STEM",3.3,4,2.333,4,4,4,3.167,4,3.667,3.333,3.333
"5d17ce93ac37cd0019535088","Implicit",14,2,3,10,8,2.5,2.667,4,2.5,2.5,23,1586,"Man","Yes","Yes","No",NA,"No","HS/GED","Computer Science","N/A","STEM",3.5,4,4.333,2.333,4,3.167,4.167,4,4,4,5
"5d1a1b598eabd8000134603e","Control",11,5,4,13,8,2.667,1.667,2.667,2.333,1.667,40,275,"Man","Yes","Yes","Yes",4,NA,"Associate","Computer Science","n/a","STEM",3.8,3,3,4.333,4,3.667,3.5,4.333,2.667,3.333,2
"5d1b8ca0d057270001a0abca","Control",13,2,1,7,7,1.833,2.667,4,2.167,2.333,25,556,"Woman","Yes","Yes","No",NA,"Yes","Bachelor","psychology and global health","N/A","Not STEM",3.84,3,2.333,2.667,1,2.833,1.667,3.5,3.333,4,3.333
"5d4f8945dec7eb0019a030e8","Implicit",11,3,3,10,3,3.167,3.333,2,3,3,25,136,"Woman","Yes","Yes","Yes",2,NA,"Bachelor","Computer science/ environmental earth science","Japanese","STEM",3.6,4.333,3.333,4.333,4.667,4.333,4,2.667,3.333,4,4
"5d5809017d795e001988c0d4","Implicit",7,4,4.333,5,6,2.5,3,3.667,2.833,2.333,21,173,"Woman","Yes","No","No",NA,"Yes","HS/GED","Bachelors in Nursing","N/A","STEM",3.9,4,3.667,3.333,4,3.667,3.833,3,2.667,3.333,4.333
"5d61a3001c84fc001780f4ad","Explicit",13,3,5,7,5,4.333,5,1,2.333,3,24,228,"Woman","No","Yes","No",NA,"Yes","HS/GED","Accounting","n/a","Not STEM",3,1.667,1,2,3,1.833,2,1.667,5,1,1
"5d6813419431030016281222","Control",8,3.667,4,10,7,2.167,3.667,3,2.5,2.333,21,148,"Woman","Yes","No","No",NA,"Yes","HS/GED","Computer Science","N/A","STEM",3.85,3.667,3.333,4,4.333,3.833,3.833,3.5,3.833,3,3
"5e46f51bc3298c1bf813a984","Implicit",12,3.667,3,12,10,3.667,3.667,3.667,3,2.5,25,399,"Man","Yes","Yes","No",NA,"Yes","Bachelor","microbio","psychology","STEM",3.1,3.667,4,3.667,4.333,3.667,4.167,4.5,3.333,3.667,3.667
"5e56a66121583601d3c3526a","Implicit",6,5,5,5,5,4.333,3.333,3,2.667,3,28,236,"Woman","Yes","Yes","No",NA,"Yes","Bachelor","Public Health",NA,"STEM",4,5,2.333,5,3.667,5,3,2.833,4.333,3,3
"5e574f393e26c90f2b47b96c","Implicit",9,3.667,4,8,6,3.167,4.667,5,2,2.333,25,369,"Woman","No","Yes","No",NA,"Yes","Associate","Computer Science","N/A","STEM",3.8,4,4,3.667,4,3.833,4,4.167,3.833,5,5
"5e65a37956f27a3290acfcbe","Implicit",14,4,4,15,13,3.167,2.667,3,3,3,18,216,"Man","Yes","Yes","No",NA,"Yes","HS/GED","Computer Science","Computational Biology","STEM",3.94,4.333,3.333,4,3,4.167,3.167,4.333,1.833,4,2.333
"5ebb08645a22c70c2ba793e4","Implicit",14,3.667,5,13,11,2.333,4,3.333,2.167,2.5,30,431,"Woman","Yes","No","No",NA,"Yes","Doctorate","Biology","none","STEM",3.78,3,2.333,3.667,5,3.333,3.667,4.5,2.833,3.667,3.667
"5ec796fd756dc001ff4d9c4e","Implicit",6,3.667,3.667,2,4,3.5,2.667,5,2.667,2.667,22,133,"Man","Yes","Yes","No",NA,"Yes","HS/GED","Music Performance","Music Business","Not STEM",3.91,4.333,2.333,4.333,2,4.333,2.167,2.167,3.833,5,3.333
"5f099c7ff7d3020237d5310b","Control",6,4,3,7,4,3,4.333,5,2.833,3,28,450,"Woman","Yes","Yes","No",NA,"Yes","Bachelor","Biology, Public Health","N/A","STEM",3.6,4.667,1,5,2.333,4.833,1.667,3.333,4.833,5,4.333
"5f18610a63c761000bf6a39a","Control",7,3,4,6,5,3.167,1.667,4,3.167,3,26,229,"Non-binary","Yes","Yes","No",NA,"Yes","Bachelor","Biology (BS), Spanish (BA), pursuing Biomedical Engineering (MS)","Certificate - Big Data Analytics","STEM",4,4.667,4,3,3.667,3.833,3.833,3.5,3.5,4.333,4
"5f2908bb9c5b402bc5b1a9b7","Explicit",10,2.333,3,4,6,2.667,2.333,4.667,2.167,1.333,26,350,"Woman","Yes","No","No",NA,"No","Master","Audiology (MA), Sign Language Interpreting (pursuing AAS)","N/A","Not STEM",3.9,4.667,3.333,3,3,3.833,3.167,3.833,2.167,4.667,4
"5f2946965de083000aff1444","Explicit",6,2.667,4,2,0,3.5,4.333,1,2.5,2,23,182,"Man","Yes","Yes","No",NA,"Yes","Bachelor","Biostatistics","N/A","STEM",3.79,3,2,2.667,3.667,2.833,2.833,3.667,2.667,1.333,1
"5f2c4d9ec221140edf238051","Control",7,3,2.333,6,7,2.167,3,3.667,2.333,2.167,23,206,"Woman","No","No","No",NA,"Yes","Bachelor","Game Design and Devlopment","Advertising and Public Relations","STEM",3.48,3.333,2.667,3.667,3,3.5,2.833,2.833,3.5,4,3.333
"5f3ed1810c5d4f16e6375306","Explicit",15,3.333,3.333,14,12,2.333,2,2,2,2.333,24,179,"Man","Yes","No","No",NA,"Yes","Bachelor","Biology","N/A","STEM",4,4,2.333,3.667,3,3.833,2.667,3,3,2,2.333
"5f4c9e74da9c148b0d42ecbd","Explicit",7,2.667,1.667,10,10,1.333,2.333,2,2,2,35,725,"Man","Yes","Yes","Yes",15,NA,"Master","Civil Engineering","History","STEM",3.5,4,4,4,4,4,4,4,3.5,3,2
"5f58597e2f53113c7bd47ab3","Explicit",10,3.333,2.667,5,5,3,3,2,3,2.167,32,211,"Man","No","No","Yes",1,NA,"Associate","Computer science","Mathematic","STEM",4,4,1,3.333,1,3.667,1,4,3.167,2.333,1
"5f6c102b6ec04317fc9a8127","Implicit",15,2.667,1.333,15,15,2,2.333,3.333,2.5,2.5,21,370,"Man","Yes","Yes","No",NA,"Yes","HS/GED","computer science","n/a","STEM",3.5,3.667,1.667,1.667,2,2.667,1.833,3.167,2.5,2.667,3.333
"5f74fd83ed11b81620baf105","Explicit",11,4.667,5,5,5,3.333,2.333,4.667,3,3,32,874,"Woman","No","Yes","Yes",14,NA,"Associate","Accounting",NA,"STEM",3.93,4.333,5,4.333,5,4.333,5,4.833,2.167,4.667,5
"5f888877136ad50208b48b47","Explicit",11,4.333,3.667,9,8,3.667,3.333,4.667,2.167,2.333,23,311,"Man","No","No","Yes",2,NA,"Associate","Biology","N/A","STEM",3.3,4.333,3.667,4.333,3.667,4.333,3.667,3.667,3.167,4.333,4.333
"5f888877136ad50208b48b47","Implicit",11,4.333,3.333,9,9,3.167,3,4.333,2.5,2.167,23,311,"Man","No","No","Yes",2,NA,"Associate","Biology","N/A","STEM",3.3,4.333,3.667,4.333,3.667,4.333,3.667,3.667,3.167,4.333,4.333
"5f88fc9a4157a110c725e6f5","Explicit",6,4,4,10,10,1.667,1.333,3,3,3,26,217,"Man","No","No","No",NA,"Yes","HS/GED","History","Russian Language","Not STEM",2.5,4,4,3.333,4,3.667,4,2.167,4,3,3
"5f9c9d259e7c0a17abe03413","Implicit",6,2.667,4,8,5,4.333,1.667,5,2.167,1.833,22,214,"Man","Yes","Yes","Yes",4,NA,"Bachelor","Electrical Engineering",NA,"STEM",3.75,2.333,2.333,3.667,4,3,3.167,4.167,4,5,4
"5fb321655c9742a3f8b0fa41","Control",10,3,4,8,7,2.667,3.333,3.333,2.333,2.5,26,355,"Man","Yes","No","No",NA,"Yes","HS/GED","Information Technology","N/A","Not STEM",2.9,3,3,4,5,3.5,4,2.833,4,3.333,2.667
"5fc5612f227abc098a7f5b0c","Explicit",13,3.667,4,3,6,2.667,3.333,4,2.333,2.333,26,196,"Woman","Yes","No","No",NA,"Yes","Master","biochemistry, french, medical science, doctor of osteopathic medicine","business","STEM",3.09,3,2.333,3,3,3,2.667,2.667,3.5,4,4
"5fdce42b1976282fd3db47e4","Implicit",13,3.667,3.333,10,9,2.667,2.667,3,2,2.167,22,214,"Man","No","Yes","No",NA,"Yes","HS/GED","Political science","n/a","Not STEM",3.5,3,1.667,3.667,4,3.333,2.833,2.167,3.667,3.333,2.667
"5fe2ca269568d5e8f57933aa","Implicit",5,2,2,5,5,2,3,1,2.333,2.167,21,323,"Man","Yes","Yes","No",NA,"Yes","HS/GED","Neuroscience (Currently a senior at 4 year college)","N/A","STEM",3.92,4,2.333,2,2,3,2.167,3,4.167,1.333,2
"5ff0f1b0dd8cf14ba8957c5b","Explicit",9,3.667,4,4,4,3.667,2,2.333,2.5,2.167,24,199,"Woman","No","No","No",NA,"Yes","HS/GED","Marketing","Management","Not STEM",3.92,3.667,2,4,4,3.833,3,1.167,3.833,3.333,4
"6000ca0be380e61f33f7a0fa","Explicit",6,3.667,3.667,12,5,2.167,2,3,2.5,2.5,22,211,"Man","Yes","Yes","Yes",0,NA,"Bachelor","Economics","Statistics","Not STEM",3.55,4.667,3.333,3.667,3.667,4.167,3.5,4.333,3.833,2.333,2.333
"600a42166b660c1943cc2a91","Explicit",12,4.333,3,8,7,3.333,2.667,4.333,2.833,2.667,23,203,"Man","No","No","No",NA,"Yes","Master","Chemistry / Teaching","N/A","STEM",3.9,4.333,3,4.333,4,4.333,3.5,3.833,2.167,5,4
"600f9342e7bc5518fa9ca92a","Explicit",6,3,3,10,10,3,3,3,3,3,19,161,"Man","No","No","Yes",19,NA,"HS/GED","business","None","Not STEM",3.88,3.667,3.667,3.667,3.667,3.667,3.667,3.167,3.5,3,3
"60147514665c424b4b812e7d","Implicit",10,3.667,2.667,12,10,2.833,3.333,1.667,2.833,2.333,19,291,"Man","Yes","Yes","No",NA,"Yes","HS/GED","Biochemistry","Computer Science","STEM",3.88,3.333,2.667,4,4.333,3.667,3.5,4.667,3.167,2,2.667
"6018a5c0e1600b187ccb8693","Explicit",5,3,2.667,5,9,2.667,3.333,2.667,3,2.333,26,1132,"Man","No","Yes","No",NA,"Yes","HS/GED","computer science","n/a","STEM",2.98,2.667,3,2,3,2.333,3,3.5,3.333,3.667,3.333
"601c696f0370f35c7883cf99","Explicit",11,3.667,5,4,3,2,2.333,2,2,2,28,222,"Man","Yes","Yes","Yes",4,NA,"Bachelor","Speech Language Pathology","n/a","Not STEM",3.7,3,3,3.667,5,3.333,4,3,4,3,3
"60444cd97d48924d0d4810ea","Implicit",14,2,2.667,13,12,1.5,2.333,4,2.333,2.333,21,222,"Man","Yes","Yes","Yes",16,NA,"HS/GED","Computer Science","None","STEM",2.7,2,2.333,2,2,2,2.167,2.833,3,3.667,4.333
"6073ad2cd288215f64f51efa","Implicit",3,5,4.667,10,10,2.333,1,1,2.667,2.333,33,294,"Man","No","No","No",NA,"No","Bachelor","Information","n/a","STEM",3.78,4.333,3.333,5,5,4.667,4.167,2.333,4.333,1,1
"607dc095678516f84e3fdae6","Control",8,4,2,2,3,3.167,3.667,3.333,2.5,2.5,25,571,"Woman","Yes","Yes","Yes",2,NA,"Bachelor","Psychology and Criminal Justice","Neuroscience","Not STEM",3.95,4.333,1.667,5,4,4.667,2.833,4.167,3.5,3.667,5
"609d9d4ac5a6c58f5554af71","Implicit",6,4,4,6,5,2.5,3,2,2.333,2,38,256,"Woman","Yes","Yes","Yes",0,NA,"Master","Philosophy","N/A","STEM",3.4,5,3.667,4.667,4,4.833,3.833,4.333,4.5,3,3.667
"60b964cbdd0817815f7c3d32","Control",7,3.667,3,10,6,3.333,3.333,2.667,2.5,2.833,32,200,"Man","Yes","No","No",NA,"Yes","Master","business","computer science","STEM",3.7,4,2.333,4,3.333,4,2.833,4.333,3.667,3.667,2.333
"60cf7074e1ea52a0f3450346","Explicit",12,3.333,2.667,7,4,2.333,3.333,4.333,2.167,2.167,31,241,"Man","Yes","Yes","No",NA,"Yes","Master","Education","N/A","Not STEM",4,5,4.667,3.667,2.333,4.333,3.5,3.333,4.167,4.667,2.333
"60d1129ad29dbe85a59b9c4a","Explicit",7,4,4,5,3,3.333,3,2,3,2.833,23,247,"Man","Yes","Yes","No",NA,"Yes","Bachelor","Computer Engineering","Computer science","STEM",3.7,4,4,4,4,4,4,4.667,4.333,3,4
"60d1129ad29dbe85a59b9c4a","Implicit",7,4,4,5,6,3.167,2.333,3,2.833,2.667,23,247,"Man","Yes","Yes","No",NA,"Yes","Bachelor","Computer Engineering","Computer science","STEM",3.7,4,4,4,4,4,4,4.667,4.333,3,4
"60e36d56350e661cf50f2c7e","Control",7,1.667,1,7,8,1.333,2.333,1.333,3,2,48,210,"Woman","No","No","Yes",30,NA,"Associate","Nursing","N/A","Not STEM",3.02,3,2,2.333,2,2.667,2,1.667,3,2,2
"60fd359f395ac99c398b8b26","Explicit",9,5,5,15,15,2.333,2.333,3.667,2.167,2.167,23,304,"Woman","No","No","No",NA,"Yes","Bachelor","communication","n/a","Not STEM",3.2,4,3,4,4,4,3.5,1.833,2.833,3.667,3.667
"60fd97382c97fa063217683b","Explicit",10,2.333,3.333,5,3,3.167,3.333,3,2.5,2.333,29,160,"Non-binary","Yes","Yes","No",NA,"Yes","Master","biochemistry","chemistry, art history","STEM",4.1,3.667,2.333,3.333,3,3.5,2.667,3.167,4.333,2.667,4
"60fdf18884991b2263f75eec","Implicit",5,3.333,5,5,5,4,4,5,2.5,2,22,243,"Woman","Yes","Yes","Yes",3,NA,"HS/GED","Computer Science","N/A","STEM",3.56,3.333,2.333,3.333,4.333,3.333,3.333,3.167,3.5,3.333,3.333
"60fe0df0dff66fde69e4ca76","Control",8,5,5,10,6,2,4,4.667,2,2,21,267,"Woman","No","No","Yes",NA,NA,"HS/GED","Public Health- Pre Occupational Therapy","n/a","Not STEM",3.1,5,5,5,5,5,5,3.5,3.833,4.667,4.667
"60feb9af1d56359bd85bb83f","Explicit",10,4.667,3.333,4,4,2.5,3.333,3.333,2.333,2.333,21,236,"Woman","Yes","Yes","No",NA,"Yes","HS/GED","Microbiology","Applied Biotechnology","STEM",3.84,4,2.667,4.333,3,4.167,2.833,3.333,3.333,4,4
"610016afc022650a809d6c84","Control",8,3,3.667,12,8,2.833,2.667,3,2.333,2.667,24,304,"Woman","Yes","No","No",NA,"Yes","Bachelor","nursing","n/a","STEM",3.4,3.667,3,3.667,4,3.667,3.5,4,3.667,4,3
"61081b2c9ad8bc5f74f13c32","Implicit",11,4,2,12,10,3.833,3,4,2.5,2.333,22,256,"Woman","Yes","Yes","No",NA,"Yes","Bachelor","Biology","N/A","STEM",3.78,4.333,1,5,3,4.667,2,5,4.5,3.667,3.333
"610968a69e84ed01009e9b64","Implicit",8,5,5,8,5,2.5,3.333,2,2.167,2.5,23,225,"Woman","Yes","No","No",NA,"Yes","Bachelor","Law",NA,"Not STEM",3.58,3.667,3,5,5,4.333,4,3.667,3.5,3,4
"6110cb9fd3ba23cecacc8fc4","Explicit",7,3.667,2.333,7,5,2.333,3.333,2.667,2.167,1.833,21,223,"Man","Yes","No","No",NA,"Yes","HS/GED","Economics","Business Admin","Not STEM",3.68,4.333,2.667,4,2.667,4.167,2.667,3.5,3.333,2.333,2.667
"611365850f7842366cbfaa68","Explicit",13,4.333,4.333,0,5,2.333,1,4,2.5,1.833,20,323,"Woman","No","Yes","Yes",7,NA,"HS/GED","architecture","n/a","STEM",3.93,4.667,3,4.667,4.667,4.667,3.833,2.5,4.167,3.667,4.667
"6121874bf9343fff5be07860","Control",8,5,5,10,13,2.667,1.667,2,2.5,3,30,219,"Woman","Yes","No","No",NA,"No","HS/GED","psychology","none","STEM",3.4,4.667,4.333,5,5,4.833,4.667,2.5,4.5,2,5
"6133241aa65f56d5102b58f3","Implicit",15,3,4,12,10,1.333,4.333,3.667,2.5,2.667,26,183,"Man","Yes","No","No",NA,"Yes","Associate","English","N/A","Not STEM",2,2.667,3,2,3.667,2.333,3.333,1.333,4,4.667,4
"6158bb338b6122275bc191e3","Explicit",12,3.667,4,13,12,2,3.667,1.333,2,2,24,193,"Other","Yes","Yes","No",NA,"Yes","Master","Computer Science","Cognitive Science","STEM",4,3.667,2.667,3.333,2.667,3.5,2.667,4.333,3.667,1.667,3
"62029779ef1cb18a1337c0f7","Control",15,4.333,3,3,7,2.5,1.333,2.667,1.833,1.5,23,238,"Man","Yes","No","No",NA,"Yes","HS/GED","Architecture","N/A","STEM",3.1,4,2,4.333,3,4.167,2.5,2.667,3.167,3.333,2.667
"627120b98967a5dbd4922c2e","Explicit",6,3.667,3.667,5,3,3.5,3.333,3,3.167,3.333,37,215,"Man","No","Yes","No",NA,"Yes","Master","mha","n/a","Not STEM",4,5,5,5,5,5,5,4.167,3.167,5,3.667
"62785b6530a3dfd84d8fc34a","Control",7,4.333,4.333,5,2,4,2.667,2.667,2.5,2.5,21,158,"Woman","No","Yes","Yes",6,NA,"Bachelor","Medical Lab Science","N/A","STEM",3.4,4.667,4,4,4.333,4.333,4.167,4,2.667,2.333,3
"627986ad0b4e17430bd23d80","Control",11,2.667,3,7,5,2.5,1.333,2,2,2.167,34,307,"Man","No","Yes","No",NA,"Yes","Associate","Graphic Design","Business","STEM",3.65,4.333,3,2.333,2.667,3.333,2.833,3.833,3.333,2.333,3.667
"62a25c61a50ccd1ffb6729fb","Implicit",7,4.667,4.667,1,4,2.667,2.667,4.333,3.333,2.667,27,431,"Woman","No","Yes","No",NA,"Yes","Bachelor","Animation","N/A","Not STEM",3.49,5,4,4.333,5,4.667,4.5,1.167,3.833,4.667,4.333
"62b10d376cda94ec0cd6c1e3","Implicit",15,3.333,3.667,10,12,4,2.667,4.333,2.5,2.667,28,264,"Man","Yes","Yes","No",NA,"Yes","Bachelor","Life Science Informatics","N/A","STEM",3.89,4.667,3,4,4,4.333,3.5,4,2.167,4.333,2.667
"62ce01e10103af1a049c6b31","Control",6,1.667,3,8,8,1.833,3,1.667,2,2.333,27,243,"Man","Yes","Yes","No",NA,"Yes","Bachelor","Audio Engineering","n/a","Not STEM",3.5,4,2.333,3.667,3.333,3.833,2.833,2.5,4.333,2.667,4
"63268e60fbfb9c73671faa37","Control",11,4.333,4.667,12,10,3.5,4,3.667,2.167,2,20,193,"Man","Yes","Yes","No",NA,"Yes","Associate","Mechanical Engineering","N/A","STEM",3.63,3,3.333,4.333,4,3.667,3.667,3.833,3.667,3.667,3
"63460f79457f687948f53b88","Implicit",7,3.667,5,8,9,2.5,1.667,2.667,2.667,2.5,34,281,"Man","Yes","Yes","Yes",30,NA,"Master","Industrial Engineering","N/A","STEM",3.58,4.667,4.333,3,5,3.833,4.667,4.333,3.5,3,3.333
"6348845d31edff3dff1b7799","Explicit",11,4.667,3,10,10,2.833,1.667,3.667,2.5,2.5,24,1153,"Man","Yes","Yes","No",NA,"Yes","Bachelor","Finance","N/A","Not STEM",3.91,4,3.667,4,3,4,3.333,4.833,4.333,4.333,3.333
"6361b53c44c9c4ebeb619db1","Implicit",6,4.333,4.333,9,7,2.667,1.667,3,2.667,2.333,23,164,"Man","No","Yes","No",NA,"Yes","HS/GED","Nursing","N/A","STEM",3.82,4.667,4.333,4.333,4,4.5,4.167,4.833,3.667,3.667,3
"63bd8c28fb1d955babddd6d5","Implicit",14,2.667,3,10,8,2.833,3,3,2.5,2,22,390,"Man","No","No","No",NA,"Yes","HS/GED","Computer Science","Math","STEM",3.65,3.333,1.667,4,2.667,3.667,2.167,3.5,3.333,3.333,2.667
"63d13f5ee27b28a60fc1df15","Explicit",12,5,3.667,14,11,3,2.667,3,2.333,2.333,25,163,"Man","Yes","Yes","No",NA,"Yes","Bachelor","Kinesiology","Psychology","Not STEM",3.8,4.667,3,4,2,4.333,2.5,4.667,1.667,5,5
"63d69bcc9ac7e2fd85b9ce49","Control",8,3.333,3,11,11,3.667,3,3.667,3.167,3.5,47,676,"Woman","Yes","Yes","Yes",22,NA,"Master","science","social","STEM",3,4,4,3,3.333,3.5,3.667,3.333,4,3.667,3.667
"63d7f39789fcbee9babcf85a","Explicit",12,3.667,3,9,7,4.333,2.667,4,2.333,2.333,18,211,"Man","No","No","No",NA,"Yes","HS/GED","Engineering","None","STEM",3.8,5,3.667,4.333,4.667,4.667,4.167,3.333,2.333,4.333,4
"63de07747845d88c4962eff2","Explicit",7,4,3,6,6,4,3.333,3,2.333,2.333,24,194,"Non-binary","No","No","No",NA,"Yes","HS/GED","English","N/A","Not STEM",3.9,4.667,3.667,4,3.333,4.333,3.5,1,4.667,3,3.333
"63e51e55974365f1e43df265","Explicit",14,3.333,2.333,12,10,3.667,4,4.667,3,3.167,20,575,"Man","Yes","Yes","No",NA,"Yes","HS/GED","computer science","economics","STEM",3.8,3,4,3.667,2.333,3.333,3.167,4.167,2.833,3.667,3.667
"63f77ab51428a164ec2edbab","Control",7,3.667,4.667,4,3,3,1.333,2,2.833,1.833,19,361,"Man","Yes","Yes","No",NA,"Yes","HS/GED","Political Science","Informatics","Not STEM",4,4.667,3.667,3.667,3.333,4.167,3.5,2,4.833,2.333,3.333
"6413a7cd7df0a6b1d2b69d0c","Implicit",13,4,4.333,7,7,2.333,3.333,3.333,3.167,3.333,32,276,"Man","Yes","No","No",NA,"Yes","Bachelor","Biology and Business","N/A","Not STEM",3.3,3.333,2.333,2.333,1.667,2.833,2,2,3,4,2.333
"6431fa7dd113eda38603cabc","Control",9,4.667,5,8,5,4.667,2.667,1.667,3.167,3.167,24,241,"Man","Yes","Yes","No",NA,"Yes","Bachelor","Nutrition, Biology","Psychology","STEM",3.6,5,4,5,4.667,5,4.333,3.333,3.167,1.333,2
"6452a1b17000c1527e9fd003","Control",12,3.667,4,13,12,2.333,3.667,2,2.667,2.5,19,320,"Woman","No","Yes","Yes",0,NA,"HS/GED","Architecture","N/A","STEM",3.81,3,2.333,3.667,4.333,3.333,3.333,4.333,3.167,2,4
"64ebc24a8921061fcf72748d","Explicit",8,4.667,5,12,8,2.5,4.667,5,2.167,2.167,20,181,"Woman","No","Yes","No",NA,"Yes","Associate","Sociology","Social Data Science","Not STEM",4,4,3.667,5,5,4.5,4.333,2.833,3.667,4,4
"650afc00d748aa554ebde221","Implicit",10,5,2.333,10,8,3.333,3,4,3,2.833,25,177,"Woman","Yes","No","No",NA,"Yes","Bachelor","biology","italian, chemistry","STEM",4,4,2,4,2,4,2,2.667,4.333,3,2.667
"65181c2f753b188afdddd2c4","Control",7,4,4,8,6,2.833,2.333,4,2.667,2.333,33,411,"Man","Yes","Yes","Yes",12,NA,"Bachelor","Computer Science","N/A","STEM",3.75,4,4,4,5,4,4.5,4.167,3.667,4,3.333
"651848d6ccd4f7b31d6534e7","Implicit",9,4.333,5,15,5,4.167,4.333,4.667,2.667,3,20,220,"Woman","No","Yes","No",NA,"Yes","Associate","Health communication",NA,"Not STEM",2.98,3.667,3.333,4.333,4,4,3.667,2.333,4.167,4,4.333
"65185750126ba439e0d8ca1e","Explicit",10,3,3.667,7,4,3,3.667,2.667,2.333,2.333,18,227,"Man","Yes","No","No",NA,"No","HS/GED","Information Technology","N/A","STEM",2.5,3.333,3,3,3.667,3.167,3.333,3.667,3.833,2.667,1.667
"6518707116415d421f5638b6","Control",9,5,3.667,10,8,3,3.333,3,2.333,2.333,24,187,"Woman","Yes","No","No",NA,"Yes","HS/GED","Computer Science","N/A","STEM",4,4.333,2,5,5,4.667,3.5,3.167,3.333,3.333,3.667
"651adee4c39c1b8ccfd30c2c","Control",12,4.333,4.333,10,10,2.5,3.667,1.667,2.333,3.167,21,178,"Woman","No","Yes","No",NA,"Yes","Bachelor","Biology","none","STEM",3.75,2.667,2.333,5,5,3.833,3.667,3,3.667,1.333,2.333
"651b4d20230393335347efdb","Implicit",12,5,4.667,6,5,3.833,1,4.333,2.833,2.833,26,261,"Man","Yes","No","No",NA,"Yes","Doctorate","Medicine","None","STEM",4,5,5,4.667,5,4.833,5,3.667,3.5,3.667,4.333
"651d2cdc7b87b2219dde8dd8","Implicit",9,2.667,2.333,8,6,2.333,3,4.333,2.333,2.333,19,132,"Man","Yes","Yes","Yes",4,NA,"HS/GED","Ethnic Studies","N/A","Not STEM",4,3,2.667,3.333,3.333,3.167,3,3.667,3.833,4.667,3
"6526437a858fe5cdc54aa8aa","Implicit",11,5,4.667,7,7,3.167,2.667,4,2.833,3.167,21,181,"Man","Yes","No","No",NA,"Yes","Bachelor","Computer Engineering","N/A","STEM",3.4,4,2,3.667,4.333,3.833,3.167,4.833,4.333,3.667,3.667
"65296a5e6b3da09843f655ba","Explicit",14,4,4,15,13,3.833,3.333,3.333,2.333,2.5,19,276,"Man","No","Yes","Yes",1,NA,"HS/GED","Business","N/A","Not STEM",3.67,3.333,3,4,4.333,3.667,3.667,3.833,2.833,4,4
"65345c123ea7ca867237e6e0","Implicit",13,2,2.333,10,8,1.833,1.667,3,2.5,2.5,19,160,"Man","Yes","No","No",NA,"No","HS/GED","Economics","Computer science","Not STEM",3.15,3.667,4.333,3,3,3.333,3.667,5,3.167,3.667,4.333
"6535d3f1b4ff80adff474548","Control",11,5,4,4,5,3.167,2,4.667,2.167,2.333,29,250,"Woman","No","Yes","No",NA,"Yes","Master","Human Genetics",NA,"STEM",4,4.333,3,5,2.333,4.667,2.667,4.5,4.5,5,4
"6537ccd8aacb65739e270b30","Control",11,2.667,3.667,10,8,1.833,2.667,3,2.167,1.833,21,349,"Woman","No","No","No",NA,"Yes","HS/GED","Computer Science","Mathematics","STEM",3.83,3,2.667,2.667,3,2.833,2.833,3.833,3,2.667,3.333
"65412ca42e0e2fbb27b8a7b2","Control",11,5,5,13,13,1.667,1.667,1,2.667,3,18,133,"Man","Yes","Yes","No",NA,"Yes","HS/GED","Biochemistry","N/A","Not STEM",4,5,3.333,5,3.667,5,3.5,4.167,3.667,2,3
"65448b199021d3a8d55ae80e","Implicit",11,2,2,10,10,1.833,1.667,2,2.167,1.667,29,229,"Man","Yes","No","No",NA,"Yes","Bachelor","History","n/a","Not STEM",3.8,5,5,2.667,2,3.833,3.5,2.333,4.833,3,3
"65511607abf6cccaa5bad8c6","Control",9,5,5,11,8,3.667,5,2.667,1.833,1.5,19,186,"Woman","Yes","Yes","No",NA,"Yes","HS/GED","Business","Japanese","Not STEM",4,3,3,5,5,4,4,5,1.667,2.333,3.333
"655f8b6aead3b1448f52681b","Explicit",6,3.667,5,10,5,3.167,2.333,5,2.333,2.167,20,171,"Woman","Yes","Yes","No",NA,"Yes","HS/GED","Biomedical","N/A","STEM",3.6,3,4,3.667,5,3.333,4.5,1.333,2.833,4.667,4.667
"655f8f04860e2c0fe8291155","Implicit",7,3,3.667,10,8,3.333,4,4,2.167,2.167,22,202,"Woman","Yes","Yes","No",NA,"Yes","Bachelor","chemistry","n/a","STEM",3.93,4,3.333,3.333,3,3.667,3.167,3.333,3.333,4,4
"655f96c00e4ff12b60147004","Control",7,4,3.333,8,6,3.667,3.333,3,2.667,2.167,23,264,"Woman","Yes","Yes","Yes",1,NA,"Bachelor","Information Technology","N/A","STEM",3.81,4.667,4.667,4.667,5,4.667,4.833,4,2.833,4,4
"655fa9148d19c2c4379d5182","Explicit",7,4,4,10,5,1.833,3.333,4,2.5,3,20,317,"Woman","No","Yes","No",NA,"Yes","HS/GED","Computer Science","Media Studies","STEM",3.56,4,4,3.333,3.667,3.667,3.833,3,3.333,4,4
"655fcf54056edf3065f74b91","Control",14,2.667,3.333,0,2,3.667,3,3.333,2.333,2.5,19,851,"Woman","No","Yes","No",NA,"Yes","HS/GED","Health Promotion","Biology","STEM",3.68,4.667,2.333,3,3,3.833,2.667,3.333,4.333,3.667,4
"655feb8d6493ccbb55c26c59","Control",8,3.333,3.333,5,6,3,2.667,4,2.333,2.167,24,404,"Man","No","Yes","Yes",20,NA,"Associate","Computer Science","N/A","STEM",3.8,4,4,3.667,4,3.833,4,3.167,3,4,4
"655ff3dc53e8c9955c6d2132","Implicit",14,4,4.333,3,5,3,3.667,4,2,1.833,20,140,"Woman","Yes","No","No",NA,"Yes","HS/GED","political science","sociology","Not STEM",4,3,2.667,4.667,3,3.833,2.833,3,3.667,4.667,4
"6560ca7bb947c4f10cf53c36","Implicit",13,3,3,9,10,2.5,2,3,2.167,2.167,23,348,"Man","Yes","No","No",NA,"Yes","Bachelor","International Studies, Urban Studies","N/A","Not STEM",3.83,4,3.333,3,3,3.5,3.167,4.667,3.667,3,2.667
"6560d1fe9f74937c98f36caf","Implicit",13,4,5,11,10,2.333,1.333,3,2.833,2.667,21,292,"Woman","Yes","No","No",NA,"No","Bachelor","Business Management with a Marketing concentration","Asian Studies","Not STEM",3.77,3.333,3.667,4.333,5,3.833,4.333,3.333,5,3,5
"6562617f736ba20cacd63ab6","Control",7,2,3,5,5,2,5,2.667,2.333,2.167,23,400,"Woman","Yes","Yes","No",NA,"Yes","Bachelor","Biochemistry","History","STEM",3.6,3.333,1.667,2,1.667,2.667,1.667,2,2.5,3,1.667
"6564e143b65aad826f6cdf7a","Explicit",8,3.667,3,3,5,1.5,3,3,2.167,2.167,19,225,"Woman","No","No","No",NA,"Yes","HS/GED","Business - Accounting","N/A","Not STEM",3.94,2.667,2.333,3.667,3,3.167,2.667,2.667,3,3,3
"65755801000442e5a54f5005","Control",8,2.667,3.667,0,4,4,3.333,2,2.833,1.833,23,2839,"Woman","Yes","Yes","Yes",4,NA,"HS/GED","Data Science","N/A","STEM",2.5,3,3,3.667,2.333,3.333,2.667,2,4.5,4.333,4.667
"6575c518dc00323903d27138","Explicit",13,2,4,0,0,2.667,3.667,3,2.333,1.667,23,547,"Man","No","Yes","Yes",3,NA,"HS/GED","Computer Science","English Technical Writing","STEM",2.7,2.667,3,2.333,3.333,2.5,3.167,1.333,3.167,2.667,1.333
"6578fbf39f92169f4d1cafd8","Explicit",8,5,5,8,7,1.667,2.667,5,2.333,2.333,19,221,"Man","No","No","Yes",1,NA,"HS/GED","Economics","Marketing","Not STEM",4,4.667,5,5,5,4.833,5,3.667,4.167,5,5
"657a5fdf40daebdb26cb32b4","Explicit",8,5,4,11,8,3.833,2.667,3.667,2.833,3,22,227,"Woman","No","No","Yes",3,NA,"Associate","management","psychology","Not STEM",3.2,4.667,4.667,4,4.333,4.333,4.5,2.333,4.5,5,3.667
"65828151504edb3149e2db58","Control",10,4.333,4.333,10,9,2.333,1.667,4.333,2.5,2.333,24,296,"Woman","No","Yes","Yes",0,NA,"Bachelor","Biology/Psychology","N/A","STEM",3.9,3.667,2.667,3.667,4.333,3.667,3.5,3.5,3.667,4.333,3
"6584777affe8fe48f8bab87f","Explicit",10,4.667,5,10,9,4.333,4.333,3,2,2.167,20,157,"Woman","Yes","Yes","Yes",2,NA,"Bachelor","Mathematics","Pre-Health, Psychology","STEM",3.7,4.333,3,4.667,5,4.5,4,3.5,2.333,4,4.667
"658ef999acd5710c94c08490","Explicit",13,5,5,10,12,2.333,3,2,3.333,3,18,242,"Woman","No","No","No",NA,"Yes","HS/GED","Pre-Pharmacy","N/A","STEM",3.7,2.667,2.333,5,5,3.833,3.667,3.5,3.167,2,4
"6595784e1782997a5c7d6a1b","Explicit",10,4,4,4,5,3.167,4.667,3,3.167,2.5,24,157,"Woman","No","Yes","No",NA,"Yes","Bachelor","Psychology/Pre-Nursing","Neuroscience","Not STEM",3.4,4.333,3.667,4.333,4,4.333,3.833,1.833,3.833,4,1
"6595c5f627a60ea2fe4f76d0","Explicit",7,2.333,2.667,10,10,1.667,2.333,3,2.167,2.333,24,257,"Woman","No","Yes","Yes",1.5,NA,"HS/GED","Accounting","n/a","Not STEM",3,4.333,3.333,2.667,2,3.5,2.667,3.833,2.667,3,4
"659616d78c849893b09541ec","Control",8,5,5,12,12,3.667,2.667,3.667,3,3,23,525,"Man","Yes","No","No",NA,"No","Associate","Energy Management and Controls Technology","None","STEM",3.2,4.667,4.667,3.667,4.667,4.167,4.667,3.333,5,5,3
"6598942c3d07928cc188ffdb","Implicit",9,3.667,4,3,1,2.667,3,3,2.5,2.167,18,185,"Man","Yes","No","No",NA,"Yes","HS/GED","kinesiology","music technology","Not STEM",3.6,2,2,3.333,4,2.667,3,2.333,2.833,3,4
"659db524feac2e6da6c43101","Explicit",8,2.667,4.667,0,1,1.833,2.333,3.667,2.333,2.333,30,252,"Woman","Yes","No","Yes",6,NA,"Master","Political Science, Public Policy, Sociology","Economics","Not STEM",3.9,3.667,3,1.667,4.333,2.667,3.667,1.5,4.667,4,3.667
"65a2bed50652b97162516095","Implicit",7,3,2,6,5,2.167,2.333,4.333,2.5,2.167,37,618,"Woman","No","Yes","No",NA,"Yes","Bachelor","Bachelor of science in nursing",NA,"Not STEM",3.75,3.667,2.667,3.333,2.667,3.5,2.667,3.167,3.833,4,4.333
"65a58b087781836186ca5b78","Explicit",5,4.333,4,10,7,3.333,3.667,2,2.333,2,21,229,"Woman","Yes","No","No",NA,"No","HS/GED","BS Psychology Premed","prehealth professions","STEM",3,4,3.333,3.667,4,3.833,3.667,2.667,3.5,2,3
"65ac1f1f0cc1792287becdd7","Implicit",13,3,4,7,8,3.333,2.333,4.667,2.167,2.333,21,427,"Woman","No","No","No",NA,"Yes","Associate","liberal arts","n/a","Not STEM",3.59,2.667,3,4,4.667,3.333,3.833,3.833,2.5,5,5
"65aed67f38bccce795a29383","Control",13,5,2.333,12,12,3.333,4,4.667,2.667,2.833,20,418,"Man","Yes","Yes","No",NA,"Yes","HS/GED","Computer Science","n/a","STEM",3.75,4.667,5,5,5,4.833,5,4.5,3.167,4,5
"65aee576ac09f8926668a1fd","Explicit",7,2.667,3.333,6,5,2.167,2.333,2.333,2.5,1.833,26,189,"Other","Yes","Yes","No",NA,"Yes","Bachelor","Nursing","None","STEM",4,1.667,2,2.333,3.333,2,2.667,2.833,5,2.667,1.667
"65afe752c7c336dcf6ca0739","Implicit",6,4.333,3.333,4,5,3.833,2.333,5,3,2.667,27,216,"Woman","No","Yes","Yes",0,NA,"Bachelor","Medical Student (Biochem undergrad major)","Psychology","STEM",3.98,5,3.667,4.333,3.333,4.667,3.5,3.833,5,5,5
"65b57bfd15649e564a9cb166","Explicit",13,3.333,5,6,8,3,3.333,3,2.833,3,19,203,"Woman","Yes","Yes","Yes",7,NA,"HS/GED","Materials Engineering","N/A","STEM",3.47,5,2.333,4,2,4.5,2.167,4.167,4.333,2.667,4
"65b8628fc87ec30641249be5","Explicit",8,3.333,4,1,2,3.333,2.333,3.333,2.5,2.5,24,148,"Woman","Yes","No","No",NA,"Yes","Bachelor","Biomedical Sciences","Mathematicx","STEM",3.86,4.667,1,4.333,4.333,4.5,2.667,4.667,4.833,3.667,3.667
"65bff5ce2c3df3a5127fa462","Control",12,4,4,11,9,3,3,2,2.5,2.167,19,204,"Man","Yes","No","No",NA,"Yes","HS/GED","Mechanical Engineering",NA,"STEM",3.61,3.333,3.333,4,4,3.667,3.667,4.333,4,2.333,3.333
"65c38feb18c3664f15255d47","Control",9,5,5,10,10,4.333,4.333,5,2.667,2.833,19,218,"Woman","No","Yes","Yes",3,NA,"HS/GED","Graphic Design",NA,"Not STEM",4,5,4,4.667,3.667,4.833,3.833,2.667,4.667,4,4
"65cafdc775f31ba7a74c26c3","Control",12,4.667,2.333,6,4,3.167,2.333,2.333,2.833,2.833,34,219,"Man","Yes","No","No",NA,"Yes","Master","Business","Religious Studies","Not STEM",3.98,3,1.667,4.333,2,3.667,1.833,3.5,4.167,2.333,2.667
"65cb5ab499be01f6d1779d43","Implicit",12,3,4,13,12,2.5,1.667,4,3.5,3.667,26,957,"Woman","No","Yes","Yes",1,NA,"Doctorate","pharmacy","n/a","STEM",3.14,4.333,2.333,3,3.667,3.667,3,4.667,4,4.333,3.333
"65cb5e15f8685a04fa82ff0f","Control",7,4.667,3.667,5,5,2,2.333,3.333,2.333,2.333,18,236,"Woman","Yes","Yes","No",NA,"Yes","HS/GED","Computer Science","N/A","STEM",3.8,4,2.667,5,4,4.5,3.333,4.833,2.667,4,2
"65cb5e5ada0320fa4478a9f6","Implicit",14,3,4,5,8,2.5,2.667,2.667,2.5,2.5,21,723,"Woman","No","Yes","No",NA,"Yes","HS/GED","Neuroscience & Biotechnology","n/a","STEM",3.29,3.667,3.333,4,5,3.833,4.167,4.5,2.5,3,3.667
"65cb63a9363a0647682c06e7","Explicit",8,4,4.333,6,4,3.833,2.667,4,2.167,2,26,193,"Woman","Yes","No","No",NA,"Yes","Master","Health sciences","N/a","STEM",4.18,4.333,2.667,4,3.333,4.167,3,2.5,4.333,4.333,5
"65cb677d302a5cea87dfdd37","Explicit",7,5,5,3,3,3.667,4.667,2,3,2,26,188,"Woman","Yes","No","No",NA,"Yes","Bachelor","Business management",NA,"Not STEM",4,4.333,4.667,4.667,5,4.5,4.833,3.333,4,2,4
"65cb68847b06effcc3a96ffc","Explicit",8,5,5,13,10,2.167,1.333,4.667,2.667,2.667,25,167,"Woman","Yes","No","No",NA,"Yes","Bachelor","PA studies","N/A","STEM",3.73,4,3,5,5,4.5,4,1.333,4.833,5,5
"65cb6c93a2b5419209db3f1f","Implicit",10,3.333,4,5,3,1.5,4,2,2.667,2.333,22,467,"Woman","No","No","No",NA,"Yes","Associate","Behavioral Neuroscience","N/A","Not STEM",2.97,4,3.333,3,3.667,3.5,3.5,2,4,2.333,3
"65cb72715efd7cd40fec44df","Explicit",13,3.667,4.333,4,6,4,2.667,3.333,2.5,2.333,21,239,"Woman","Yes","Yes","No",NA,"Yes","Bachelor","Doctorate of Optometry","N/A","STEM",3.83,3.667,2.333,4.333,5,4,3.667,4.5,2.833,3.667,4
"65cb7423c2fd2bb43b0aa84e","Explicit",7,4,5,7,5,3.667,2,5,2.167,1.833,18,177,"Woman","Yes","Yes","No",NA,"Yes","HS/GED","Finance","N/A","Not STEM",3.7,4,2.333,4.667,3.667,4.333,3,4.5,3.5,5,5
"65cb7ae1800d57cbac802342","Control",9,3.667,3.333,10,10,4.5,2.333,3.333,2.667,2.5,24,255,"Woman","No","No","Yes",1,NA,"Bachelor","Supply chain and logistics technology; Psychology","N/A","STEM",3.49,5,3.667,5,5,5,4.333,1.833,4.333,3.667,5
"65cb7ff9d7b5fd9b97cf35c8","Explicit",9,4,4,5,6,2.333,3,3.333,3,2.333,23,468,"Woman","Yes","Yes","Yes",1,NA,"Doctorate","Liberal Arts","Chemistry","STEM",3.89,3.333,2.333,4,4,3.667,3.167,2.333,3.167,4,4
"65cb83b3dd72788ad453d725","Explicit",13,2.667,3,3,3,3.833,3.667,3.667,3.167,3,21,389,"Woman","Yes","No","No",NA,"Yes","HS/GED","Biology","Data Science","STEM",3.21,3.333,1.667,3.333,2.667,3.333,2.167,1.833,3,4,2
"65cb85708518a954f8158de2","Implicit",12,3.333,3.333,5,10,2.667,2.667,2.333,2.333,2.5,21,216,"Woman","No","Yes","No",NA,"Yes","HS/GED","Computer Engineering","n/a","STEM",3.73,3.333,3,4,4.667,3.667,3.833,3.833,2.833,2.333,3
"65cb87707e7981c7adaf9d14","Explicit",6,3.667,4,10,10,2,2,3.667,2.833,2.167,20,339,"Woman","No","No","No",NA,"Yes","HS/GED","graphic design","N/A","Not STEM",3.88,3.667,3.667,4,4.333,3.833,4,2.667,3.833,3.667,4
"65cb938d60f5d003291e89ac","Implicit",13,3.667,3.333,12,10,3.5,2.333,3.667,2.667,2.5,21,240,"Woman","Yes","Yes","No",NA,"Yes","Bachelor","Biology","Psychology","STEM",3.48,4,4,4,3.333,4,3.667,3.833,2.833,4.333,5
"65cb9396b64c5bf3a3c9cbf1","Control",14,3.333,5,1,5,3.667,3,3.667,2.833,2.5,20,225,"Woman","Yes","No","Yes",2,NA,"HS/GED","Psychology","Philosophy","STEM",3.9,2,2.333,3.333,4,2.667,3.167,2.5,3,2.667,4
"65cba09158b74649b3cd7505","Implicit",6,4.667,5,2,4,2.167,1.333,4,3,2.667,23,186,"Woman","Yes","Yes","No",NA,"Yes","Bachelor","biology","Spanish, Medical Humanities & Culture","STEM",4,4.333,4,5,5,4.667,4.5,3.167,4.667,4,5
"65cba5349f4e1e5dfbe80fe8","Control",13,2.667,3.333,10,8,2.833,2.333,3,2,2.333,22,301,"Non-binary","No","Yes","No",NA,"Yes","HS/GED","Graphic Design",NA,"Not STEM",3.54,3.333,2.333,3.667,3.333,3.5,2.833,2.667,2.667,3.333,2.667
"65cba86d7a1225e31f085d93","Explicit",7,4,4,5,5,3.333,2.333,3.667,2.833,2.5,21,179,"Woman","No","Yes","Yes",1,NA,"HS/GED","health science","n/a","STEM",3.3,4,2.333,4.333,3.667,4.167,3,2.167,4,3,4
"65cbab070b9dca9291cd7848","Control",9,3,4,7,6,2.333,3.667,3.333,2.167,2.167,23,247,"Woman","Yes","Yes","Yes",0,NA,"HS/GED","Psychology",NA,"Not STEM",2,3.333,2.667,3.333,4,3.333,3.333,3.833,4.167,3.667,4
"65cbac7bda544f05fb8fe69c","Explicit",13,3.333,3.667,3,3,2.167,3,2,1.833,2,19,203,"Woman","Yes","Yes","Yes",4,NA,"HS/GED","politics, philosophy","N/A","Not STEM",3.67,4,3.667,3.333,2.667,3.667,3.167,1.5,4,2.333,2.333
"65cbafcc41914131784e9357","Implicit",11,4.667,4.667,8,10,2.333,2.333,4.667,3,3.333,19,225,"Woman","Yes","No","No",NA,"Yes","HS/GED","Business Economics","N/A","Not STEM",3.93,5,4.333,4.667,4,4.833,4.167,4.167,3.833,4.667,5
"65cbb3d32c041c0246861728","Control",13,2.667,3,12,10,2.167,4,2,2.667,2.333,23,188,"Woman","Yes","No","No",NA,"Yes","Bachelor","Majored in physics and chemistry in undergrad, currently in grad school for applied physics","In undergrad had a math minor","STEM",3.8,3,3,2.667,2.667,2.833,2.833,3.333,2.667,2.667,2
"65cbb75fc5c8e692295e8b7e","Control",9,3,3,4,4,2.167,3.333,3,2.333,2.333,18,140,"Woman","Yes","Yes","Yes",2,NA,"HS/GED","Accounting","N/A","Not STEM",3.5,2.667,3,3,3,2.833,3,3.833,2.333,3,3
"65cbbd44c0db5f5e848d0b20","Control",10,3,3,10,10,2.5,2.333,4,2.667,2.833,25,218,"Woman","Yes","No","No",NA,"Yes","Bachelor","Public Health","Management","Not STEM",3.75,4.667,3,3.333,3,4,3,3.333,2.833,4,3.333
"65cbc1ccda544f05fb8feb9b","Explicit",9,4,3.333,6,6,3.833,2.667,1,2.833,2.833,21,322,"Woman","No","No","Yes",21,NA,"Bachelor","Information Systems Security","Management Information Systems","STEM",3.23,3,2,4,3,3.5,2.5,2.333,3,1,1.667
"65cbc1d0a484bea2b24153c2","Control",7,1.667,2.667,10,5,2,2.667,2,1.833,1.833,24,343,"Woman","Yes","Yes","No",NA,"Yes","Master","Sociology","None","Not STEM",3.92,2.667,2.667,2,3,2.333,2.833,3,4.167,2,1.667
"65cbc27d67dbfe5c4a5e8dcc","Control",13,3.667,4,12,10,2.5,3.333,3.667,2.5,2.333,26,214,"Woman","Yes","Yes","No",NA,"Yes","Bachelor","Political Science, Public Administration","French","Not STEM",3.81,3.333,4,4.667,4.667,4,4.333,4.667,3.833,4,4
"65cbcaaab9e2fae86452af73","Implicit",8,2.667,3,7,6,2.667,3,4,2.667,2.333,19,224,"Woman","No","No","No",NA,"Yes","HS/GED","Computer Information Systems","N/A","Not STEM",3.27,3.667,3,4,4,3.833,3.5,3.333,3.167,4.333,4.333
"65cbd11646fa8d0ee0bae103","Control",5,4.333,3.667,8,6,3.833,2,4.667,3,2.833,26,369,"Woman","No","Yes","No",NA,"Yes","Bachelor","Nutrition","N/a","STEM",3.5,4.333,2,4,3.667,4.167,2.833,2.667,3.667,4.667,4.333
"65cbdbc2d854fbc1b6c701e6","Implicit",11,3.333,3.667,10,5,2.333,2.333,2.333,2.333,2.333,22,355,"Woman","Yes","Yes","Yes",16,NA,"Bachelor","Computer Science","N/A","STEM",3.71,4.667,3.333,3.333,2,4,2.667,4.833,4.5,2.333,4
"65cbdfcbb1aedbf22034d8fd","Control",11,3.333,2.667,6,7,2.333,2.333,2.333,2.333,2,20,410,"Woman","Yes","No","No",NA,"No","HS/GED","Nuclear medicine","N/A","STEM",3.98,3.333,3,3,3.333,3.167,3.167,3.833,3.667,2.333,4
"65cbf2dac04ba503f9d77db1","Explicit",14,2,3,12,10,2.167,2.667,3.333,1.667,1.667,19,267,"Woman","Yes","No","No",NA,"Yes","HS/GED","Studio Art for Transfer","not applicable","Not STEM",3.44,3.333,2,4,4.333,3.667,3.167,2.833,3,3.333,3.333
"65cc01f8b39a09a919921721","Control",11,3.333,4,5,9,3.167,3.333,2.667,2.333,2.167,19,280,"Woman","Yes","Yes","Yes",4,NA,"HS/GED","Accounting","None","Not STEM",3.89,2.333,2.333,3.333,3.333,2.833,2.833,3.167,3.667,3.333,3
"65cc267b79900fe02c7be21d","Implicit",6,3.333,4,5,5,2.333,3.333,3.333,2.833,3,22,200,"Woman","Yes","No","No",NA,"Yes","Bachelor","Public Health Science and Education Sciences","none","STEM",3.4,3.333,2.667,3.333,4,3.333,3.333,3,3.5,3.333,4
"65cc503b2b3565cba17be791","Explicit",9,5,4.333,6,3,2.5,2.667,3.333,2.333,2.167,22,228,"Woman","Yes","No","No",NA,"No","Bachelor","accounting, finance","none","Not STEM",3.41,3.333,2.667,4.333,5,3.833,3.833,4.667,1.667,4,4
"65ccf5c22a3ceca2b3cf14e9","Implicit",12,3.333,3.667,10,8,4,3.667,5,2.5,2.667,22,225,"Woman","No","No","Yes",NA,NA,"Bachelor","Biology","N/A","STEM",3.84,4,2,4.667,4,4.333,3,4.833,4.167,5,4
"65cd317ff963d201475b79d1","Implicit",10,4,4,7,7,2.833,3.667,5,2.333,2.5,22,176,"Woman","Yes","Yes","Yes",11,NA,"Bachelor","Health Science","Psychology and Chemistry","STEM",3.89,4,2.667,4,3.667,4,3.167,2.5,3.5,5,5
"65cd58721ff7f000cdcf2d46","Implicit",11,2.667,4,10,10,3,3.333,3.667,2.833,2.833,19,500,"Woman","Yes","No","No",NA,"Yes","HS/GED","Pharmaceutical Science","None","STEM",2.8,2.667,2.333,3,4.333,2.833,3.333,3.167,4.5,3.667,3.667
"65ce4d74274700a537cc560c","Explicit",10,3.333,4.333,3,3,2.667,3.333,4.667,2.167,2,24,187,"Woman","Yes","No","No",NA,"Yes","Bachelor","Law","N/A","Not STEM",2.9,2,3,4,4,3,3.5,1.667,4,4,4
"65ce5d8d0219b79ced7729cd","Control",8,4,3,12,10,2.833,2.333,2.333,3,2.833,19,261,"Woman","Yes","Yes","No",NA,"Yes","HS/GED","Computer Science","N/A","STEM",3.6,3.333,2.333,3.667,2.333,3.5,2.333,3.833,2.333,2.333,2
"65ce74fc3eef719d72d56ae9","Implicit",15,3.333,4.667,2,3,1.333,2.333,1,2.833,2.667,25,279,"Woman","No","No","No",NA,"Yes","Associate","Electrical Engineering","N/A","STEM",3.33,5,2.333,3.333,4.333,4.167,3.333,4.5,2.167,1,1
"65cebd463eef719d72d57a90","Control",5,4.333,5,5,3,4,2.667,4,2.167,2,21,200,"Woman","Yes","Yes","No",NA,"Yes","Bachelor","Business Administration","Marketing and Management Information Systems","STEM",3.92,3.333,3.667,5,5,4.167,4.333,4.167,4.333,3,5
"65ced4a0331028ff568c97d7","Control",5,4,5,10,5,2.833,3.333,2.667,2.333,2.333,19,304,"Woman","Yes","No","No",NA,"Yes","HS/GED","Molecular and Cell Biology","Global Public Health, Data Science","STEM",3.53,3.333,2.667,4,5,3.667,3.833,3.5,3,4,5
"65cefa3bddb7be095ddde1af","Explicit",8,3.667,4,10,10,2.667,3.333,1,2.667,2.667,21,249,"Woman","Yes","No","No",NA,"No","Associate","Computer Science","N/A","STEM",3.5,3.667,4.333,3.333,4,3.5,4.167,3.5,3.833,2.333,2
"65cfe5f97c0ea4d16a306e77","Explicit",12,5,5,13,10,3.333,2,3.333,2.667,2.5,18,233,"Woman","Yes","No","No",NA,"Yes","HS/GED","Pharmaceutical Chemistry","Biomedical Engineering","STEM",4,4.333,4,5,5,4.667,4.5,3.667,3.667,3.667,4
"65cfe9b23cb896bff6ca420b","Control",12,1.667,2,12,10,1.667,4,3,2,2,22,175,"Woman","Yes","Yes","Yes",2,NA,"Bachelor","Mechanical Engineering","n/a","STEM",4,4.667,2,2.333,2,3.5,2,4.5,4.5,3,3
"65d3ab06b782a47dfe23d572","Explicit",5,3,3.333,5,5,3.833,3.333,4.667,2,2,18,212,"Woman","No","Yes","Yes",1,NA,"HS/GED","double major finance and marketing","n/a","Not STEM",4,3,3.333,4.333,4.667,3.667,4,4.167,3.833,4.333,4.333
"65d509e9ef40f8b8cbf93834","Control",13,4,4,10,6,3.667,3.333,4,2.667,2.667,26,196,"Woman","Yes","No","No",NA,"Yes","Master","psychology","n/a","Not STEM",3.86,4,4,4,4,4,4,4.167,3,4,4
"65d50a06744dd0c01b038547","Implicit",9,4.333,4.333,6,3,2.667,3.333,4.667,3,3.167,22,221,"Woman","No","Yes","Yes",7,NA,"HS/GED","Physiology","East Asian Studies","STEM",4,5,4.667,4.667,4.333,4.833,4.5,4.833,3.167,5,4.333
"65d515989a6328b0ad497f36","Implicit",6,4,4.333,8,5,3.667,3.333,3.333,3,2.833,19,312,"Woman","Yes","No","No",NA,"Yes","HS/GED","Human Development and Family Science","n/a","STEM",4,3.333,2.667,5,4.333,4.167,3.5,4.333,3.833,3.333,4
"65d51baa9930b7a969cca0f7","Control",5,3,3.667,10,12,2.667,1.333,2.333,2.667,2.5,21,200,"Woman","Yes","No","No",NA,"No","HS/GED","Economics","Accounting","Not STEM",3.22,3,3,3.333,4,3.167,3.5,3.333,3.167,3.333,3.333
"65d5207c5a28986aba880a4c","Implicit",7,5,4.333,8,8,3.333,3,4,2.833,2.667,19,193,"Woman","No","No","No",NA,"No","HS/GED","Business real estate","N/A","Not STEM",3.72,4,2.667,4,4,4,3.333,2.5,3,4,3
"65d57f93dddf2f37836d548a","Implicit",14,4.667,4.333,9,6,2.667,2.333,1.667,2.667,1.667,25,330,"Woman","Yes","No","Yes",1,NA,"Master","Psychology","English","Not STEM",3.95,4.667,3.333,4.667,4.667,4.667,4,2.5,4.667,3.333,4.333
"65d586699088ec8e476ad029","Explicit",12,5,4,4,6,4,3,4,2.667,2.5,18,268,"Woman","Yes","Yes","No",NA,"Yes","HS/GED","Biological Sciences","None","STEM",3.81,3.667,1.667,5,2,4.333,1.833,3.5,3.167,4,4
"65d7b446ca577d62cd087569","Control",10,2.333,3,6,4,3.167,3,4,1.667,2,24,218,"Woman","Yes","No","No",NA,"Yes","Bachelor","Biological studies","Environmental science","STEM",3.67,3,2.667,2.667,3.667,2.833,3.167,3.167,4,3.667,4
"65d7e892ede5cc787cc474cb","Control",7,4.333,5,8,7,4.5,1.333,5,2,1.5,23,291,"Woman","Yes","Yes","No",NA,"Yes","Master","bipsychology/neuroscinece ; human-computer interaction","entrepreneurship","STEM",4,2.667,2.333,4.333,3.333,3.5,2.833,2.333,4.333,5,3.667
"65d91de89927c9661d20f2cb","Control",15,2.667,3.333,5,10,1.833,3,3.667,2.667,2.5,23,474,"Woman","No","Yes","No",NA,"Yes","Bachelor","Exercise Science","none","STEM",3.8,2.667,2.667,2.667,3,2.667,2.833,1.5,2.5,3.667,3
"65d93a94cd143c174c7c3013","Control",8,5,5,2,7,3.833,1.333,3.333,2.667,2.333,21,375,"Woman","Yes","Yes","No",NA,"Yes","Bachelor","Medical Science","n./a","Not STEM",4,4,4.667,5,5,4.5,4.833,4.333,3.5,3.333,3.667
"65dbb48f0c3d6ca98c837ba6","Explicit",10,3.667,3,9,9,2.5,2.667,2.667,2.167,2.167,18,296,"Non-binary","Yes","No","No",NA,"No","HS/GED","Wildlife, fish, and conservation","none","STEM",3.8,4,2.667,3,2.667,3.5,2.667,2.5,3,3,2.667
"65dd00763076d70c85c24b1b","Explicit",11,2.667,3.667,3,5,3.5,3,3.667,2.5,2.333,22,297,"Man","No","Yes","No",NA,"Yes","Associate","Art","n.a","Not STEM",3.6,4.333,2.333,3,4,3.667,3.167,3.333,3.5,3.333,2.333
"65dd3e88b21f223565a33e7a","Explicit",12,2.333,4,14,6,3.333,2.667,3,2,1.833,20,184,"Man","Yes","No","No",NA,"Yes","HS/GED","Computer Engineering","None","STEM",2.75,3,4.333,3,4,3,4.167,3.833,3.833,2.667,3
"65e005d7bad0f1aa8f2ec0f9","Control",9,3.667,4,13,13,2.167,2,3,2.667,2.167,19,167,"Man","Yes","Yes","Yes",2,NA,"Bachelor","Economics + Computer Science","Philosophy","STEM",3.5,3.667,4,3.333,4,3.5,4,4.833,3.833,3.333,3.333
"65e15fd24b872be094cb697e","Implicit",7,2.667,2.667,4,4,2.333,2.333,3,1.667,1.667,22,304,"Man","No","No","No",NA,"Yes","Bachelor","Biochemistry and molecular biology","Spanish","STEM",3.98,4,2.667,4,3,4,2.833,5,4,5,1.667
"65e63b7fc845c96c2c2520bc","Implicit",9,3.333,3,10,9,2.833,2,3,2.833,3,22,223,"Man","Yes","Yes","Yes",9,NA,"Bachelor","Management Information Systems","None","STEM",3.75,3.667,3.667,3,3,3.333,3.333,4,4.333,3,3
"65eabc627ddf9221f8e12b85","Explicit",4,3.333,2,5,5,1.667,2.667,2.333,2.833,2.5,33,332,"Woman","Yes","Yes","Yes",23,NA,"Associate","Business","None","Not STEM",4,4,1.667,4.333,2.667,4.167,2.167,3.333,3.5,2.333,2
"65ee434eaa1aed668c84eb70","Implicit",12,1.667,2.667,8,7,2.333,2.667,1.667,2.167,2,21,206,"Woman","Yes","No","No",NA,"Yes","Bachelor","Cognitive Science","n/a","STEM",3,2.333,2.333,2,2.667,2.167,2.5,2.333,3,2,2.667
